measure_id,measure_name,location_id,location_name,sex_id,sex_name,age_id,age_name,metric_id,metric_name,year,val,upper,lower
44,Population,213,Niger,3,Both,22,All ages,1,Number,2021,25038186.779425785,28030938.55071919,21889055.877916556
44,Population,4,"Southeast Asia, East Asia, and Oceania",3,Both,22,All ages,1,Number,2021,2185007205.8363414,2292835909.9328685,2074128726.5046604
44,Population,144,Jordan,3,Both,22,All ages,1,Number,2021,12324575.432837205,13681374.200605698,11066346.077432603
44,Population,1,Global,3,Both,22,All ages,1,Number,2021,7891353300.739032,8131224517.814556,7666733980.418042
44,Population,73,Western Europe,3,Both,22,All ages,1,Number,2021,437389260.86605436,450956713.5361978,422281050.15450555
44,Population,142,Iran (Islamic Republic of),3,Both,22,All ages,1,Number,2021,85355878.93154576,93931184.34059307,76864365.88946168
44,Population,212,Mauritania,3,Both,22,All ages,1,Number,2021,4396234.460746025,4929404.822321572,3881619.877464812
44,Population,143,Iraq,3,Both,22,All ages,1,Number,2021,41224333.52854367,52061062.90514106,29162749.827826094
44,Population,5,East Asia,3,Both,22,All ages,1,Number,2021,1472774906.815778,1579504425.075312,1369752178.6893313
44,Population,214,Nigeria,3,Both,22,All ages,1,Number,2021,231165679.26551884,257993770.7806085,205604086.282828
44,Population,74,Andorra,3,Both,22,All ages,1,Number,2021,85593.33340106082,94311.4048947874,77569.30048696903
44,Population,215,Sao Tome and Principe,3,Both,22,All ages,1,Number,2021,216618.02313005872,243019.15170589235,191041.89140944346
44,Population,217,Sierra Leone,3,Both,22,All ages,1,Number,2021,8867262.190756537,9808429.554781152,7943953.244554515
44,Population,75,Austria,3,Both,22,All ages,1,Number,2021,8982311.518103808,9783179.790661575,8089482.124785809
44,Population,145,Kuwait,3,Both,22,All ages,1,Number,2021,4650081.848195561,5276734.715348011,4033283.1929254434
44,Population,76,Belgium,3,Both,22,All ages,1,Number,2021,11469271.627594747,12561517.087056167,10320426.203546602
44,Population,148,Morocco,3,Both,22,All ages,1,Number,2021,37176612.160753556,41310394.298643716,33141794.28266725
44,Population,8,Taiwan (Province of China),3,Both,22,All ages,1,Number,2021,23636689.389643572,25874973.005263,21438868.146974284
44,Population,77,Cyprus,3,Both,22,All ages,1,Number,2021,1357775.9459904504,1539457.040897745,1173239.9200403376
44,Population,4751,Alagoas,3,Both,22,All ages,1,Number,2021,3802246.422941956,4551562.97668001,3058605.6255798633
44,Population,4750,Acre,3,Both,22,All ages,1,Number,2021,977127.2629862183,1196234.91723753,798802.5167423339
44,Population,7,Democratic People's Republic of Korea,3,Both,22,All ages,1,Number,2021,26392264.573529586,30269967.161015783,22352766.773500085
44,Population,218,Togo,3,Both,22,All ages,1,Number,2021,8370929.820574667,9504242.01277687,7164863.537073784
44,Population,216,Senegal,3,Both,22,All ages,1,Number,2021,15859552.133560136,17615561.069985464,14008753.749306055
44,Population,78,Denmark,3,Both,22,All ages,1,Number,2021,5851783.434464665,6409247.068418468,5304858.107733227
44,Population,239,East Asia & Pacific - WB,3,Both,22,All ages,1,Number,2021,2378966576.094159,2489762534.8340325,2265677855.343732
44,Population,241,Latin America & Caribbean - WB,3,Both,22,All ages,1,Number,2021,660139873.6090096,692506996.3375424,624943662.1046329
44,Population,6,China,3,Both,22,All ages,1,Number,2021,1422745952.8526049,1530462332.8937607,1318759193.783689
44,Population,149,Palestine,3,Both,22,All ages,1,Number,2021,5135588.141859239,5613349.189297305,4663348.538511306
44,Population,146,Lebanon,3,Both,22,All ages,1,Number,2021,5540425.250013071,6393764.375580714,4673610.789270932
44,Population,12,Lao People's Democratic Republic,3,Both,22,All ages,1,Number,2021,7377551.997803917,8098027.4546314115,6610424.741425439
44,Population,79,Finland,3,Both,22,All ages,1,Number,2021,5535925.357873723,6058490.194411056,4950309.580391364
44,Population,522,Sudan,3,Both,22,All ages,1,Number,2021,43419045.80622332,49713598.55527502,36966644.42598278
44,Population,4643,Aguascalientes,3,Both,22,All ages,1,Number,2021,1469122.8752964365,1632513.124364602,1317227.942570308
44,Population,9,Southeast Asia,3,Both,22,All ages,1,Number,2021,698304721.2516239,727998109.5348833,670177468.2426655
44,Population,11,Indonesia,3,Both,22,All ages,1,Number,2021,278914182.19223595,300109021.237825,256923045.72222963
44,Population,152,Saudi Arabia,3,Both,22,All ages,1,Number,2021,37704187.978117056,43016965.28537044,32634616.694943313
44,Population,4755,Ceará,3,Both,22,All ages,1,Number,2021,10314831.76414413,12288455.913649052,8369907.947184322
44,Population,147,Libya,3,Both,22,All ages,1,Number,2021,6870567.247700684,7976928.30921652,5809381.752783855
44,Population,4753,Amapá,3,Both,22,All ages,1,Number,2021,869362.6867282446,1053317.1574342852,709245.0478401603
44,Population,242,Sub-Saharan Africa - WB,3,Both,22,All ages,1,Number,2021,1176319028.5221856,1223588587.2276697,1130514775.2764099
44,Population,83,Iceland,3,Both,22,All ages,1,Number,2021,350385.939370038,384038.9244699498,317809.6111295208
44,Population,81,Germany,3,Both,22,All ages,1,Number,2021,85371847.51614104,93978840.99584109,76247521.05928843
44,Population,243,Middle East & North Africa - WB,3,Both,22,All ages,1,Number,2021,475460544.26192987,496286994.9066296,455471227.3075752
44,Population,4644,Baja California,3,Both,22,All ages,1,Number,2021,3885077.560029822,4311989.270665246,3497201.576065816
44,Population,82,Greece,3,Both,22,All ages,1,Number,2021,10174910.315580327,11509009.311934695,8728481.000641957
44,Population,4754,Bahia,3,Both,22,All ages,1,Number,2021,16185586.360442618,19311823.234169688,13190754.612845149
44,Population,80,France,3,Both,22,All ages,1,Number,2021,66389876.7366756,73473154.47333284,59549226.11453703
44,Population,153,Syrian Arab Republic,3,Both,22,All ages,1,Number,2021,14030436.263615264,16227712.182726083,11466257.271066844
44,Population,4645,Baja California Sur,3,Both,22,All ages,1,Number,2021,819598.671110371,909247.9064223918,735380.2663040808
44,Population,526,Arkansas,3,Both,22,All ages,1,Number,2021,3011391.498416998,3310963.827548177,2705537.4896900603
44,Population,13,Malaysia,3,Both,22,All ages,1,Number,2021,31812225.56602002,35985020.18796437,27220297.08226804
44,Population,4752,Amazonas,3,Both,22,All ages,1,Number,2021,4346642.196020284,5282793.233364546,3485915.4554586355
44,Population,16,Philippines,3,Both,22,All ages,1,Number,2021,113249535.759155,125282399.05305728,100303823.1432519
44,Population,4647,Coahuila,3,Both,22,All ages,1,Number,2021,3217666.281334133,3577393.639036733,2859962.064827537
44,Population,248,Eastern Africa,3,Both,22,All ages,1,Number,2021,387267210.7635736,408612378.6835663,365655424.7296281
44,Population,254,Northern Africa,3,Both,22,All ages,1,Number,2021,210111387.6203113,221710641.06401122,197664412.40098098
44,Population,150,Oman,3,Both,22,All ages,1,Number,2021,4703760.372627607,5060913.835499379,4353756.856033546
44,Population,10,Cambodia,3,Both,22,All ages,1,Number,2021,17044077.39323212,19613597.602826316,14539297.516522542
44,Population,4646,Campeche,3,Both,22,All ages,1,Number,2021,946974.5749326734,1043784.351673926,852684.5618537281
44,Population,240,Europe & Central Asia - WB,3,Both,22,All ages,1,Number,2021,921277564.8385626,949433832.8610244,892025726.4242456
44,Population,15,Myanmar,3,Both,22,All ages,1,Number,2021,56419669.800016105,62791179.996858925,50184140.88054137
44,Population,4758,Goiás,3,Both,22,All ages,1,Number,2021,7030206.217798936,8456731.601765083,5650794.971612566
44,Population,156,United Arab Emirates,3,Both,22,All ages,1,Number,2021,9631150.806405421,11218511.431702062,7899622.145716717
44,Population,4757,Espírito Santo,3,Both,22,All ages,1,Number,2021,4050562.5847675325,4887901.307560587,3282787.446866117
44,Population,86,Italy,3,Both,22,All ages,1,Number,2021,59811452.40598395,65104916.08532392,54355469.1870054
44,Population,85,Israel,3,Both,22,All ages,1,Number,2021,9593936.117063446,11047978.884862633,8199821.314736913
44,Population,157,Yemen,3,Both,22,All ages,1,Number,2021,33643472.508213736,39518802.6131516,28178524.166758984
44,Population,17,Sri Lanka,3,Both,22,All ages,1,Number,2021,22270054.60069326,25034666.307417914,19443653.35000718
44,Population,84,Ireland,3,Both,22,All ages,1,Number,2021,4941374.273902571,5452076.759186971,4419867.804188848
44,Population,261,Southern Africa,3,Both,22,All ages,1,Number,2021,183046030.01795697,193038993.50289845,173976259.35686514
44,Population,4648,Colima,3,Both,22,All ages,1,Number,2021,749686.5024082591,831131.7130792569,670190.2596634136
44,Population,20,Viet Nam,3,Both,22,All ages,1,Number,2021,100267854.26116905,107845183.71795948,92291803.2765285
44,Population,298,American Samoa,3,Both,22,All ages,1,Number,2021,49758.64025803438,53224.78900831997,45813.93250718513
44,Population,4756,Distrito Federal,3,Both,22,All ages,1,Number,2021,3093818.2909937426,3714809.764432655,2523384.198587528
44,Population,305,Bermuda,3,Both,22,All ages,1,Number,2021,63540.84783301026,69909.4617430591,57360.11724571674
44,Population,4651,Mexico City,3,Both,22,All ages,1,Number,2021,9365322.454556962,10371219.302147865,8299558.575982726
44,Population,160,Afghanistan,3,Both,22,All ages,1,Number,2021,31222195.762415607,40881780.52689901,21632037.39875024
44,Population,4761,Mato Grosso do Sul,3,Both,22,All ages,1,Number,2021,2916180.437583108,3547728.66903369,2355324.343123083
44,Population,90,Norway,3,Both,22,All ages,1,Number,2021,5418070.186696545,5962797.805005819,4934365.146619938
44,Population,4762,Mato Grosso,3,Both,22,All ages,1,Number,2021,3678285.1476128665,4416864.404627726,2987271.6886662506
44,Population,24,Marshall Islands,3,Both,22,All ages,1,Number,2021,56273.10085284405,63648.03618765439,49161.33680464198
44,Population,4652,Durango,3,Both,22,All ages,1,Number,2021,1887760.4787363447,2091918.9821205635,1696807.1029867744
44,Population,320,Cook Islands,3,Both,22,All ages,1,Number,2021,17747.515075922067,19424.429830674308,16038.297232920653
44,Population,351,Guam,3,Both,22,All ages,1,Number,2021,159196.3959350261,171207.0230660791,146540.39964371597
44,Population,154,Tunisia,3,Both,22,All ages,1,Number,2021,11842577.921736134,13165986.021020351,10595012.240169404
44,Population,4760,Minas Gerais,3,Both,22,All ages,1,Number,2021,21909841.36431296,26304367.497692384,17966847.4402418
44,Population,44881,South Khorasan,3,Both,22,All ages,1,Number,2021,889001.5804651399,1010196.7039347587,765353.6939702937
44,Population,14,Maldives,3,Both,22,All ages,1,Number,2021,517207.7094890522,570790.8502847763,455921.80286553333
44,Population,164,Nepal,3,Both,22,All ages,1,Number,2021,31129811.76450214,35331101.60437354,27339630.838119645
44,Population,4650,Chihuahua,3,Both,22,All ages,1,Number,2021,3831687.034862032,4251488.394675046,3425656.937198012
44,Population,35658,TransNzoia,3,Both,22,All ages,1,Number,2021,1029669.5474409303,1158722.6911203302,907585.6274743666
44,Population,4759,Maranhão,3,Both,22,All ages,1,Number,2021,8526777.877127025,10244817.788922543,6913684.947458465
44,Population,94,Switzerland,3,Both,22,All ages,1,Number,2021,8922811.60766904,9863266.93867085,8053883.347617584
44,Population,151,Qatar,3,Both,22,All ages,1,Number,2021,2977061.6581526045,3202316.8632565895,2745803.753361936
44,Population,28,Solomon Islands,3,Both,22,All ages,1,Number,2021,683564.3095482873,779645.0436240009,578576.3488723417
44,Population,161,Bangladesh,3,Both,22,All ages,1,Number,2021,164636116.46495664,185759720.34608167,142940112.90520614
44,Population,369,Nauru,3,Both,22,All ages,1,Number,2021,11024.434578766883,12444.531247739142,9618.619150385499
44,Population,87,Luxembourg,3,Both,22,All ages,1,Number,2021,644266.3476050614,702805.8413199479,588942.4492048689
44,Population,4764,Paraíba,3,Both,22,All ages,1,Number,2021,4468574.1798654925,5381462.357360834,3611517.3530295584
44,Population,21,Oceania,3,Both,22,All ages,1,Number,2021,13927577.768939435,15293348.063679291,12507044.844915967
44,Population,523,Alabama,3,Both,22,All ages,1,Number,2021,5029736.417432802,5555708.774394244,4503030.384325216
44,Population,44562,Europe,3,Both,22,All ages,1,Number,2021,848526429.330876,872794934.4847841,820735888.179652
44,Population,88,Malta,3,Both,22,All ages,1,Number,2021,442219.10948240495,500123.1608267808,384463.3037069965
44,Population,89,Netherlands,3,Both,22,All ages,1,Number,2021,17210661.798023704,18893093.03740577,15589211.532735499
44,Population,44755,Haringey,3,Both,22,All ages,1,Number,2021,289681.81855082535,342625.0870399708,238002.101643851
44,Population,168,Angola,3,Both,22,All ages,1,Number,2021,32706452.127798323,36448988.379654124,29055323.993087407
44,Population,35465,Nagasaki,3,Both,22,All ages,1,Number,2021,1322932.4780741672,1470285.6323616183,1181345.3632698678
44,Population,530,Delaware,3,Both,22,All ages,1,Number,2021,996236.1331537182,1098574.880132435,897781.7108653669
44,Population,244,South Asia - WB,3,Both,22,All ages,1,Number,2021,1900580869.4248793,2092403563.712685,1720058893.388017
44,Population,19,Timor-Leste,3,Both,22,All ages,1,Number,2021,1397733.3579462299,1544002.9374947043,1248599.503308628
44,Population,4649,Chiapas,3,Both,22,All ages,1,Number,2021,5747357.973663136,6353280.8341921,5162999.743040996
44,Population,4655,Hidalgo,3,Both,22,All ages,1,Number,2021,3178118.1495587486,3522771.510541742,2871762.0877247225
44,Population,4656,Jalisco,3,Both,22,All ages,1,Number,2021,8581505.670146275,9445029.91807928,7740666.511564248
44,Population,4765,Paraná,3,Both,22,All ages,1,Number,2021,11568025.750067493,14109316.617337609,9377221.877575058
44,Population,44687,Sheffield,3,Both,22,All ages,1,Number,2021,593017.0534839707,701857.1264293004,484191.49119464
44,Population,4763,Pará,3,Both,22,All ages,1,Number,2021,9391632.165858667,11260490.22544474,7639663.0202036
44,Population,155,Turkey,3,Both,22,All ages,1,Number,2021,83612044.78503373,89962271.62394725,77066024.70056027
44,Population,35464,Saga,3,Both,22,All ages,1,Number,2021,820668.918765521,911207.186764984,735406.3331921964
44,Population,44754,Barking and Dagenham,3,Both,22,All ages,1,Number,2021,220122.79295028158,262592.6703617025,180984.89968353792
44,Population,60137,Troms og Finnmark,3,Both,22,All ages,1,Number,2021,245621.41760031204,279873.09648608713,214595.0072845866
44,Population,44885,Lorestan,3,Both,22,All ages,1,Number,2021,1785807.6657845383,2049351.891452143,1528329.8947510282
44,Population,44685,Kirklees,3,Both,22,All ages,1,Number,2021,458930.32608334237,552075.436163794,378171.7401379093
44,Population,95081,Brazil South,3,Both,22,All ages,1,Number,2021,30181127.041131523,35483269.56019516,25495268.073126372
44,Population,158,South Asia,3,Both,22,All ages,1,Number,2021,1846571411.3522813,2038669315.1641238,1668044622.0008705
44,Population,4766,Pernambuco,3,Both,22,All ages,1,Number,2021,10347751.181430548,12564731.634893438,8473490.323194114
44,Population,94215,Organization of Islamic Cooperation,3,Both,22,All ages,1,Number,2021,1973339626.2203798,2030861310.0584943,1919124187.8075235
44,Population,95078,Brazil North,3,Both,22,All ages,1,Number,2021,19806079.98901379,23063073.42212163,16631639.46445955
44,Population,4653,Guanajuato,3,Both,22,All ages,1,Number,2021,6313845.906720969,6994431.559610617,5650540.068630431
44,Population,23,Kiribati,3,Both,22,All ages,1,Number,2021,121160.97280252047,134411.99746989604,108298.51852222595
44,Population,91,Portugal,3,Both,22,All ages,1,Number,2021,10607848.701904865,12049063.551538024,9229894.009939823
44,Population,25,Micronesia (Federated States of),3,Both,22,All ages,1,Number,2021,102577.76867797336,116389.1279910822,89529.10628217201
44,Population,35469,Kagoshima,3,Both,22,All ages,1,Number,2021,1603327.1694006373,1783442.9032638082,1441952.9326024773
44,Population,35662,Wajir,3,Both,22,All ages,1,Number,2021,870956.0959914303,987529.8960641661,759946.2239459428
44,Population,4654,Guerrero,3,Both,22,All ages,1,Number,2021,3635237.3947812314,4063040.6391472695,3250376.0896119876
44,Population,534,Hawaii,3,Both,22,All ages,1,Number,2021,1455999.179919309,1611824.07598746,1300276.2636268204
44,Population,4659,Morelos,3,Both,22,All ages,1,Number,2021,2017395.6507068141,2256549.776489101,1800909.3825061223
44,Population,44759,Wokingham,3,Both,22,All ages,1,Number,2021,160927.01284062758,192945.23081457437,130424.06913196409
44,Population,165,Pakistan,3,Both,22,All ages,1,Number,2021,235553608.2681269,256773158.110826,215431755.2546631
44,Population,93,Sweden,3,Both,22,All ages,1,Number,2021,10373513.223420853,11397179.623533916,9389199.317097997
44,Population,18,Thailand,3,Both,22,All ages,1,Number,2021,66683246.22961923,75921265.65156054,57543288.12119549
44,Population,263,Western Africa,3,Both,22,All ages,1,Number,2021,435680438.442566,462715626.7763249,409109088.98854226
44,Population,159,South Asia,3,Both,22,All ages,1,Number,2021,1846571411.3522813,2038669315.1641238,1668044622.0008705
44,Population,44882,Khuzestan,3,Both,22,All ages,1,Number,2021,5016568.217945926,5701738.24899041,4341611.14551077
44,Population,4767,Piaui,3,Both,22,All ages,1,Number,2021,3766463.245943138,4558186.078364666,3049914.0332638933
44,Population,44566,European Region,3,Both,22,All ages,1,Number,2021,933434052.5554895,961856520.4469346,904335612.3486997
44,Population,162,Bhutan,3,Both,22,All ages,1,Number,2021,756900.0948562409,822956.4349069996,685066.5004456075
44,Population,35659,Turkana,3,Both,22,All ages,1,Number,2021,972421.269906153,1105154.6999771802,850141.2496331598
44,Population,98,Chile,3,Both,22,All ages,1,Number,2021,18797847.241958253,20570307.859305046,17095722.69709405
44,Population,4770,Rondônia,3,Both,22,All ages,1,Number,2021,1848279.3844959731,2238005.260693675,1481706.1003812863
44,Population,95,United Kingdom,3,Both,22,All ages,1,Number,2021,67848390.10066181,71608235.02765489,63908520.63614619
44,Population,44691,"Kingston upon Hull, City of",3,Both,22,All ages,1,Number,2021,269123.52588411944,321053.0407946297,218147.70327673428
44,Population,35467,Ōita,3,Both,22,All ages,1,Number,2021,1132782.6987421808,1259620.1591733312,1005252.0506697083
44,Population,4769,Rio Grande do Norte,3,Both,22,All ages,1,Number,2021,3821652.967322623,4572458.981500667,3113440.023485668
44,Population,44689,Rotherham,3,Both,22,All ages,1,Number,2021,271521.82933684264,324498.50291235413,222299.5497397001
44,Population,94366,Sahel Region,3,Both,22,All ages,1,Number,2021,389758442.3780068,408850276.55985904,371037506.6773623
44,Population,4657,México,3,Both,22,All ages,1,Number,2021,17374380.317222476,19148200.438451473,15678899.264263375
44,Population,27,Samoa,3,Both,22,All ages,1,Number,2021,213639.85514214728,235536.2338315342,193026.59431055718
44,Population,538,Iowa,3,Both,22,All ages,1,Number,2021,3195922.6334056533,3565185.8780146963,2865504.380203247
44,Population,29,Tonga,3,Both,22,All ages,1,Number,2021,106299.51296426675,116609.38617671838,95995.26709919993
44,Population,35496,Liguria,3,Both,22,All ages,1,Number,2021,1521139.3168545705,1765701.0296955663,1292243.796332986
44,Population,4660,Nayarit,3,Both,22,All ages,1,Number,2021,1267940.1558706586,1406606.3131766187,1135808.708851309
44,Population,35468,Miyazaki,3,Both,22,All ages,1,Number,2021,1078682.9669451842,1193760.0944717436,962907.3028206995
44,Population,376,Northern Mariana Islands,3,Both,22,All ages,1,Number,2021,48492.16163286782,52131.22887415691,45142.093026611925
44,Population,95469,Limited Health System,3,Both,22,All ages,1,Number,2021,2873983688.936069,3059175717.2153306,2688337902.367992
44,Population,95082,Brazil Southeast,3,Both,22,All ages,1,Number,2021,89928981.68880498,103539385.11938928,76546989.66370204
44,Population,385,Puerto Rico,3,Both,22,All ages,1,Number,2021,3294345.478258304,3534627.531643827,3047902.748463155
44,Population,32,Central Asia,3,Both,22,All ages,1,Number,2021,95808816.91859941,105622639.99265279,85933351.16713083
44,Population,524,Alaska,3,Both,22,All ages,1,Number,2021,731090.5546299103,806537.001437725,657526.5322536688
44,Population,349,Greenland,3,Both,22,All ages,1,Number,2021,56102.51322357924,61145.45423677272,50733.350157372704
44,Population,163,India,3,Both,22,All ages,1,Number,2021,1414494974.7598395,1601508372.6877296,1240240733.506287
44,Population,44884,Kurdistan,3,Both,22,All ages,1,Number,2021,1721640.0154939832,1969530.1606656192,1480255.5614060475
44,Population,4771,Roraima,3,Both,22,All ages,1,Number,2021,628167.7972507761,745549.1835226883,510314.79679566785
44,Population,44758,Tower Hamlets,3,Both,22,All ages,1,Number,2021,305776.30985660764,361022.98605909763,252107.356023677
44,Population,22,Fiji,3,Both,22,All ages,1,Number,2021,924473.9847126518,1016052.522357337,838872.6351342468
44,Population,94365,Central Africa,3,Both,22,All ages,1,Number,2021,167187801.36744848,196255036.33077922,139914125.64824203
44,Population,44695,Lincolnshire,3,Both,22,All ages,1,Number,2021,774027.8958602459,926418.0628954412,640104.4148075008
44,Population,44756,Hackney,3,Both,22,All ages,1,Number,2021,293342.7219046577,349891.8698746006,240707.0262312256
44,Population,172,Equatorial Guinea,3,Both,22,All ages,1,Number,2021,1512311.9182477905,1676023.4499110742,1362658.1245247824
44,Population,4768,Rio de Janeiro,3,Both,22,All ages,1,Number,2021,17861877.52642084,21243444.056461558,14603968.971166149
44,Population,527,California,3,Both,22,All ages,1,Number,2021,39561437.75175188,43640940.743929945,35812598.98151504
44,Population,44763,West Berkshire,3,Both,22,All ages,1,Number,2021,164107.94266713574,196424.18511695252,134645.11452522897
44,Population,99,Uruguay,3,Both,22,All ages,1,Number,2021,3405618.2886651014,3863624.914879833,2986701.071083851
44,Population,44889,Qom,3,Both,22,All ages,1,Number,2021,1429956.1987785178,1646561.983036936,1240688.7038062133
44,Population,44561,Asia,3,Both,22,All ages,1,Number,2021,4622725063.558328,4850791763.086783,4411729594.602082
44,Population,102,United States of America,3,Both,22,All ages,1,Number,2021,332643423.7097701,356795842.9234501,308380863.39416623
44,Population,95065,Italy North-East,3,Both,22,All ages,1,Number,2021,11711213.887150554,13163186.29135829,10446103.22762245
44,Population,4661,Nuevo León,3,Both,22,All ages,1,Number,2021,5972967.319490244,6636497.6399091445,5362530.877775684
44,Population,44560,America,3,Both,22,All ages,1,Number,2021,1026872256.9165571,1067698207.4633758,985134416.3197107
44,Population,31,"Central Europe, Eastern Europe, and Central Asia",3,Both,22,All ages,1,Number,2021,417831847.98108476,441078446.67640203,393251547.3549288
44,Population,374,Niue,3,Both,22,All ages,1,Number,2021,1671.6725251701039,1880.7823245985473,1458.2433787305392
44,Population,44883,Kohgiluyeh and Boyer-Ahmad,3,Both,22,All ages,1,Number,2021,774695.5875950475,882178.8745929793,667295.8297556402
44,Population,44559,Africa,3,Both,22,All ages,1,Number,2021,1383292868.2118564,1433265595.7399821,1336602048.545061
44,Population,44886,Markazi,3,Both,22,All ages,1,Number,2021,1454175.885712685,1657644.1145791756,1261904.0398317908
44,Population,92,Spain,3,Both,22,All ages,1,Number,2021,45549328.184396826,49913168.14617333,40964563.407357454
44,Population,35500,Veneto,3,Both,22,All ages,1,Number,2021,4910614.231947114,5693069.104891866,4186629.508971499
44,Population,542,Maine,3,Both,22,All ages,1,Number,2021,1360162.6246766269,1508273.7231536526,1220537.3062615914
44,Population,367,Monaco,3,Both,22,All ages,1,Number,2021,37863.4503420581,41437.0409750515,34284.375045827066
44,Population,167,Central Sub-Saharan Africa,3,Both,22,All ages,1,Number,2021,136928349.74210304,165520338.99595982,110308124.83040066
44,Population,44686,Leeds,3,Both,22,All ages,1,Number,2021,796217.6404376366,951638.6965970013,657284.5021242923
44,Population,4774,Sergipe,3,Both,22,All ages,1,Number,2021,2487477.000238145,2980249.4758249535,1998106.579196287
44,Population,396,San Marino,3,Both,22,All ages,1,Number,2021,32740.07406421994,37378.354810175675,28354.713002699504
44,Population,4664,Querétaro,3,Both,22,All ages,1,Number,2021,2462711.4113902426,2732273.584914759,2213910.0901677846
44,Population,166,Sub-Saharan Africa,3,Both,22,All ages,1,Number,2021,1133157945.8279123,1180535591.8269145,1087675914.9923515
44,Population,95470,Minimal Health System,3,Both,22,All ages,1,Number,2021,336406917.239045,366608274.6977814,304583684.5577548
44,Population,4775,São Paulo,3,Both,22,All ages,1,Number,2021,46106700.213303655,54848788.90115693,38195068.84691529
44,Population,36,Kazakhstan,3,Both,22,All ages,1,Number,2021,18955521.200844068,20835250.869352378,17030120.573406562
44,Population,44757,Islington,3,Both,22,All ages,1,Number,2021,234314.01923330151,279498.5052997871,194244.0557951796
44,Population,4663,Puebla,3,Both,22,All ages,1,Number,2021,6779874.630972008,7507940.519692193,6081463.600176493
44,Population,4658,Michoacán de Ocampo,3,Both,22,All ages,1,Number,2021,4879553.190672078,5402664.902292188,4370722.040757654
44,Population,44762,Windsor and Maidenhead,3,Both,22,All ages,1,Number,2021,157037.98153645886,190222.47235390253,128199.47598588417
44,Population,35495,Valle d'Aosta,3,Both,22,All ages,1,Number,2021,125360.18169299369,145405.12380567213,105038.29475409123
44,Population,44767,Oxfordshire,3,Both,22,All ages,1,Number,2021,703587.708655488,855481.7577439588,578297.8053459924
44,Population,416,Tuvalu,3,Both,22,All ages,1,Number,2021,12367.088237351887,13990.825342706716,10820.906976686258
44,Population,44699,Nottinghamshire,3,Both,22,All ages,1,Number,2021,832944.0439502349,991252.1280192795,682107.3415618765
44,Population,53432,Trøndelag,3,Both,22,All ages,1,Number,2021,467514.4770655318,526368.0283842403,407813.37086201884
44,Population,35660,UasinGishu,3,Both,22,All ages,1,Number,2021,1270944.869565526,1431586.8633240853,1126166.688461445
44,Population,44693,Northamptonshire,3,Both,22,All ages,1,Number,2021,760349.6646611283,900871.9313005934,634921.5615554755
44,Population,4773,Santa Catarina,3,Both,22,All ages,1,Number,2021,7313406.292329999,8817675.720433895,6001659.355450144
44,Population,35494,Piemonte,3,Both,22,All ages,1,Number,2021,4331351.764889443,5033757.522563294,3654888.4213273344
44,Population,4665,Quintana Roo,3,Both,22,All ages,1,Number,2021,1943920.6836696249,2151563.0070674513,1739109.235988822
44,Population,26,Papua New Guinea,3,Both,22,All ages,1,Number,2021,10461571.553084733,11786517.493730396,9096327.598167602
44,Population,35,Georgia,3,Both,22,All ages,1,Number,2021,3607286.2933947025,4005233.185534262,3199616.8927860474
44,Population,169,Central African Republic,3,Both,22,All ages,1,Number,2021,5484134.941096101,6406586.35968794,4506528.456104834
44,Population,528,Colorado,3,Both,22,All ages,1,Number,2021,5849999.793544191,6448047.911038591,5244550.10061219
44,Population,35466,Kumamoto,3,Both,22,All ages,1,Number,2021,1758980.615393334,1956055.0805775411,1574608.8716997302
44,Population,96,Southern Latin America,3,Both,22,All ages,1,Number,2021,67694418.9730245,74178468.1919886,61443472.53976265
44,Population,176,Comoros,3,Both,22,All ages,1,Number,2021,744374.1434898687,881778.756232837,611530.6445001855
44,Population,531,District of Columbia,3,Both,22,All ages,1,Number,2021,695075.040459377,770831.7614885292,624492.082969064
44,Population,103,Latin America and Caribbean,3,Both,22,All ages,1,Number,2021,594118786.6428653,626195115.8405008,559806341.0982864
44,Population,35425,Aomori,3,Both,22,All ages,1,Number,2021,1243305.6320685917,1382385.3265106298,1114085.3591753857
44,Population,35661,Vihiga,3,Both,22,All ages,1,Number,2021,588831.0943192933,674325.4405220333,510138.3481212862
44,Population,95064,Italy North-West,3,Both,22,All ages,1,Number,2021,15879059.90013759,17609394.148415588,14054415.215422504
44,Population,44888,Qazvin,3,Both,22,All ages,1,Number,2021,1342764.7428952514,1538135.8290295668,1164398.3552423764
44,Population,33,Armenia,3,Both,22,All ages,1,Number,2021,2995279.7135873693,3376266.7420489728,2604674.3959312374
44,Population,393,Saint Kitts and Nevis,3,Both,22,All ages,1,Number,2021,58645.290542004994,69620.19135105186,48502.72370586917
44,Population,35504,Umbria,3,Both,22,All ages,1,Number,2021,905825.2389087129,1065260.1959918775,762683.506401721
44,Population,106,Bahamas,3,Both,22,All ages,1,Number,2021,387965.7168254832,443773.819142959,333917.34776974714
44,Population,44887,Mazandaran,3,Both,22,All ages,1,Number,2021,3529989.078887744,4013406.7284728903,3060321.1476135124
44,Population,94217,Gulf Cooperation Council,3,Both,22,All ages,1,Number,2021,61195839.28908537,66732884.6531039,55985071.63422887
44,Population,95080,Brazil Central-West,3,Both,22,All ages,1,Number,2021,16718490.093988653,19512047.147519868,13970432.934314812
44,Population,97,Argentina,3,Both,22,All ages,1,Number,2021,45487217.34507201,51849604.71988146,39214792.92560387
44,Population,380,Palau,3,Both,22,All ages,1,Number,2021,18096.845487079594,20086.870381577435,16198.500276224488
44,Population,171,Democratic Republic of the Congo,3,Both,22,All ages,1,Number,2021,90017763.65563431,117854096.31736907,62962648.589865655
44,Population,546,Minnesota,3,Both,22,All ages,1,Number,2021,5736707.311235951,6337092.690730627,5140457.068962207
44,Population,44688,Wakefield,3,Both,22,All ages,1,Number,2021,344138.7668659522,413888.4477839149,284018.77937702776
44,Population,4843,Assam,3,Both,22,All ages,1,Number,2021,36617821.14450358,43312081.793117285,29911539.061922282
44,Population,525,Arizona,3,Both,22,All ages,1,Number,2021,7219967.364763433,8013059.021693629,6479624.120847979
44,Population,44565,South-East Asia Region,3,Both,22,All ages,1,Number,2021,2063612161.547684,2249955547.054439,1882766010.7929134
44,Population,44690,Doncaster,3,Both,22,All ages,1,Number,2021,322580.3475122117,386244.33190500236,263872.1431165087
44,Population,44890,Semnan,3,Both,22,All ages,1,Number,2021,775614.0089456453,885558.1602094143,664190.1446983222
44,Population,44760,Buckinghamshire,3,Both,22,All ages,1,Number,2021,538051.8243898109,640320.6800715764,437571.18149690004
44,Population,44563,African Region,3,Both,22,All ages,1,Number,2021,1155491412.6738894,1203081507.365757,1110612006.3982215
44,Population,35663,WestPokot,3,Both,22,All ages,1,Number,2021,623667.1811533063,708383.7092934313,550880.9257414812
44,Population,44771,Medway,3,Both,22,All ages,1,Number,2021,285876.5163699074,343858.6709467241,233072.6614631168
44,Population,433,Northern Ireland,3,Both,22,All ages,1,Number,2021,1930080.6810095918,2061620.6347167622,1795854.8867807055
44,Population,44703,"Herefordshire, County of",3,Both,22,All ages,1,Number,2021,190698.62482617155,228272.33430649035,154687.73111001262
44,Population,4668,Sonora,3,Both,22,All ages,1,Number,2021,2998468.025954801,3316579.546200589,2698309.8236152558
44,Population,4842,Arunachal Pradesh,3,Both,22,All ages,1,Number,2021,1740099.322586831,2091755.6059846142,1437462.8474698716
44,Population,44766,West Sussex,3,Both,22,All ages,1,Number,2021,864622.8118331055,1034480.663598808,704318.4767929043
44,Population,170,Congo,3,Both,22,All ages,1,Number,2021,5391602.689454394,6239912.722235329,4588773.0132325515
44,Population,35499,Provincia autonoma di Trento,3,Both,22,All ages,1,Number,2021,548215.7283677545,636766.8598535408,465887.0690292361
44,Population,40,Turkmenistan,3,Both,22,All ages,1,Number,2021,5158372.87954372,5701718.542444599,4621607.432912812
44,Population,173,Gabon,3,Both,22,All ages,1,Number,2021,1816084.409872113,2015198.4104459856,1607169.6817991475
44,Population,435,South Sudan,3,Both,22,All ages,1,Number,2021,9672522.38198006,11041227.789966302,8121993.113447769
44,Population,107,Barbados,3,Both,22,All ages,1,Number,2021,299024.7964714803,342314.20477190963,259921.92050816427
44,Population,4667,Sinaloa,3,Both,22,All ages,1,Number,2021,3106870.8343170015,3445583.6776589924,2784891.5853883317
44,Population,4669,Tabasco,3,Both,22,All ages,1,Number,2021,2449866.3554162188,2705186.8122120453,2201764.428682473
44,Population,4841,Andhra Pradesh,3,Both,22,All ages,1,Number,2021,54267634.19900444,65009424.949912325,44467151.72617758
44,Population,39,Tajikistan,3,Both,22,All ages,1,Number,2021,10159942.149303185,11593082.126375172,8805009.618914433
44,Population,4662,Oaxaca,3,Both,22,All ages,1,Number,2021,4244315.230525052,4683663.867628874,3790454.8397822343
44,Population,44564,Region of the Americas,3,Both,22,All ages,1,Number,2021,1026872256.9165571,1067698207.4633758,985134416.3197107
44,Population,44892,Tehran,3,Both,22,All ages,1,Number,2021,14352864.621148568,16407497.457282053,12496171.116228716
44,Population,95068,Italy Islands,3,Both,22,All ages,1,Number,2021,6579986.008963037,7529854.009834339,5699685.095305073
44,Population,30,Vanuatu,3,Both,22,All ages,1,Number,2021,312981.88638614654,336241.7438375516,290710.7252858648
44,Population,35498,Provincia autonoma di Bolzano,3,Both,22,All ages,1,Number,2021,527922.3285686873,614173.0412025194,449349.1236763285
44,Population,95079,Brazil Northeast,3,Both,22,All ages,1,Number,2021,63721360.999455675,73549432.16593039,53925134.20497587
44,Population,180,Kenya,3,Both,22,All ages,1,Number,2021,50062395.97660273,54034005.5168539,46231257.64852334
44,Population,94216,Association of Southeast Asian Nations,3,Both,22,All ages,1,Number,2021,677946764.6654185,707624328.2107061,649666339.4207766
44,Population,95468,Basic Health System,3,Both,22,All ages,1,Number,2021,3145811396.612671,3260131642.155756,3021601143.6667504
44,Population,4772,Rio Grande do Sul,3,Both,22,All ages,1,Number,2021,11299694.99873403,13526223.261166407,9277794.31671265
44,Population,532,Florida,3,Both,22,All ages,1,Number,2021,21749951.25982147,23955908.58116207,19399671.324052107
44,Population,422,United States Virgin Islands,3,Both,22,All ages,1,Number,2021,85901.89978003445,91883.49995607027,79789.94648603776
44,Population,35508,Molise,3,Both,22,All ages,1,Number,2021,298179.7730645914,349736.211350614,249914.37727266632
44,Population,44891,Sistan and Baluchistan,3,Both,22,All ages,1,Number,2021,3167236.4498180877,3618647.1680165264,2737532.8524339953
44,Population,35424,Hokkaidō,3,Both,22,All ages,1,Number,2021,5271293.576749125,5829058.361348293,4763398.36490698
44,Population,550,Nebraska,3,Both,22,All ages,1,Number,2021,1971877.2714547827,2193298.3270059247,1767395.426520342
44,Population,44893,Yazd,3,Both,22,All ages,1,Number,2021,1198415.7483586336,1383070.9277605151,1035022.9798520968
44,Population,35427,Miyagi,3,Both,22,All ages,1,Number,2021,2331937.091804193,2578887.47256205,2074011.8005051238
44,Population,110,Dominica,3,Both,22,All ages,1,Number,2021,67076.84914972594,76229.45137945586,58432.72666465458
44,Population,100,High-income North America,3,Both,22,All ages,1,Number,2021,370174538.0431538,393849827.83513093,346061351.61751366
44,Population,35470,Okinawa,3,Both,22,All ages,1,Number,2021,1497015.0238431508,1667330.4073474787,1335093.97298692
44,Population,535,Idaho,3,Both,22,All ages,1,Number,2021,1870718.4107506003,2068015.8908364254,1670506.4322567629
44,Population,413,Tokelau,3,Both,22,All ages,1,Number,2021,1370.9659633167146,1504.7447194833528,1237.9141823863315
44,Population,35426,Iwate,3,Both,22,All ages,1,Number,2021,1215436.3987836598,1348677.6274985126,1087732.8682440915
44,Population,175,Burundi,3,Both,22,All ages,1,Number,2021,13220294.446359903,15001244.543275578,11338577.983370773
44,Population,4850,Goa,3,Both,22,All ages,1,Number,2021,1539782.4567862717,1843759.1389589463,1275705.148517196
44,Population,529,Connecticut,3,Both,22,All ages,1,Number,2021,3594734.8790164273,3979388.342173284,3225284.8829623484
44,Population,44707,Staffordshire,3,Both,22,All ages,1,Number,2021,891170.4678170701,1062544.5055430045,732032.839211725
44,Population,4849,Delhi,3,Both,22,All ages,1,Number,2021,19495308.673945483,23360544.006141227,15896919.825964643
44,Population,174,Eastern Sub-Saharan Africa,3,Both,22,All ages,1,Number,2021,426097786.1515704,446709701.83832216,406099078.83850455
44,Population,44894,Zanjan,3,Both,22,All ages,1,Number,2021,1090994.5301509546,1244003.0410963758,941750.5135785006
44,Population,44764,Hampshire,3,Both,22,All ages,1,Number,2021,1404759.1010142628,1654962.2051441104,1168452.7433748853
44,Population,4671,Tlaxcala,3,Both,22,All ages,1,Number,2021,1380605.4367356552,1533500.4928004723,1234662.268136254
44,Population,4846,Chhattisgarh,3,Both,22,All ages,1,Number,2021,32246899.29309381,38443038.30263189,26509337.921360206
44,Population,44692,Barnsley,3,Both,22,All ages,1,Number,2021,250720.91813066552,299089.1381233862,205270.89850606496
44,Population,4666,San Luis Potosí,3,Both,22,All ages,1,Number,2021,2891203.5231100847,3193733.122556049,2604215.1746075395
44,Population,44775,Milton Keynes,3,Both,22,All ages,1,Number,2021,286393.7249145244,346651.7159896082,235533.81313812113
44,Population,44584,OECD Countries,3,Both,22,All ages,1,Number,2021,1372760925.7479138,1405263812.8796399,1339670707.565236
44,Population,479,WHO region,3,Both,22,All ages,1,Number,2021,7857722455.148787,8098267662.536431,7633068188.533685
44,Population,34,Azerbaijan,3,Both,22,All ages,1,Number,2021,10500168.38135049,11992893.703692816,9081637.48116128
44,Population,4672,Veracruz de Ignacio de la Llave,3,Both,22,All ages,1,Number,2021,8216612.616455387,9095347.35314591,7333008.86648145
44,Population,44770,Brighton and Hove,3,Both,22,All ages,1,Number,2021,295552.75661578943,353705.2310017357,239057.0848351693
44,Population,44694,Leicestershire,3,Both,22,All ages,1,Number,2021,690641.0732349696,824095.974326201,573012.507024541
44,Population,177,Djibouti,3,Both,22,All ages,1,Number,2021,1258686.5301054288,1448434.9698784773,1082148.8787088743
44,Population,44,Bosnia and Herzegovina,3,Both,22,All ages,1,Number,2021,3302863.695245446,3694138.1569749434,2900611.233033929
44,Population,111,Dominican Republic,3,Both,22,All ages,1,Number,2021,11012899.56730995,12573131.783576258,9394541.955297502
44,Population,483,Free State,3,Both,22,All ages,1,Number,2021,2741101.5310623753,3297620.1169890473,2264265.7481087
44,Population,4673,Yucatán,3,Both,22,All ages,1,Number,2021,2390386.6653032084,2657610.527564429,2128330.27942666
44,Population,35503,Toscana,3,Both,22,All ages,1,Number,2021,3708173.1729737367,4310194.980810384,3179962.581328294
44,Population,43,Albania,3,Both,22,All ages,1,Number,2021,2667861.9620425766,3020544.691610905,2315684.7839576304
44,Population,101,Canada,3,Both,22,All ages,1,Number,2021,37469206.97581572,40168301.472243264,35050804.62519704
44,Population,44761,Surrey,3,Both,22,All ages,1,Number,2021,1217212.5289829145,1457580.8611237002,1009058.7677067387
44,Population,114,Haiti,3,Both,22,All ages,1,Number,2021,12864028.230873512,15179088.312798284,10695614.537529904
44,Population,35502,Emilia-Romagna,3,Both,22,All ages,1,Number,2021,4524238.318456726,5254951.982286458,3854839.6990995496
44,Population,44697,Derby,3,Both,22,All ages,1,Number,2021,270161.372396781,325656.0859144602,220812.5015277444
44,Population,184,Mozambique,3,Both,22,All ages,1,Number,2021,31072654.145003382,33939675.6112246,28240954.19718115
44,Population,539,Kansas,3,Both,22,All ages,1,Number,2021,2935800.019620536,3239007.6929770117,2617489.4599142713
44,Population,434,Scotland,3,Both,22,All ages,1,Number,2021,5515837.798625083,6278384.918893653,4792562.304425346
44,Population,37,Kyrgyzstan,3,Both,22,All ages,1,Number,2021,6863084.431152706,7899538.141373234,5856714.544750123
44,Population,179,Ethiopia,3,Both,22,All ages,1,Number,2021,108937999.59866266,125473999.94430314,91826938.75145864
44,Population,536,Illinois,3,Both,22,All ages,1,Number,2021,12746780.935586037,14116186.503905777,11467152.004859459
44,Population,478,World Bank Regions,3,Both,22,All ages,1,Number,2021,7882920628.284144,8122970245.378985,7657927866.634133
44,Population,35512,Calabria,3,Both,22,All ages,1,Number,2021,1910398.1378991692,2239597.4033819423,1608688.3438474766
44,Population,4854,Jammu & Kashmir and Ladakh,3,Both,22,All ages,1,Number,2021,14159394.084336037,16892189.702924367,11568201.537057549
44,Population,554,New Mexico,3,Both,22,All ages,1,Number,2021,2111375.9154148614,2328797.89917379,1899069.6264620149
44,Population,533,Georgia,3,Both,22,All ages,1,Number,2021,10771410.7679129,11936498.098994404,9657253.269122194
44,Population,104,Caribbean,3,Both,22,All ages,1,Number,2021,47458713.72211408,50863136.4225253,44304031.720026776
44,Population,35497,Lombardia,3,Both,22,All ages,1,Number,2021,9901208.636700582,11348572.318899984,8478582.9949379
44,Population,44768,Reading,3,Both,22,All ages,1,Number,2021,166111.8665119919,199057.82650195528,136555.9285768561
44,Population,95467,Advanced Health System,3,Both,22,All ages,1,Number,2021,1528915850.653529,1566135918.7617376,1492085280.2591121
44,Population,44696,Rutland,3,Both,22,All ages,1,Number,2021,39807.507767823976,48214.52441496562,32352.547195586772
44,Population,44779,Dorset,3,Both,22,All ages,1,Number,2021,427742.1106913299,510718.92283907556,350135.6239692585
44,Population,35429,Yamagata,3,Both,22,All ages,1,Number,2021,1074517.4067766524,1194075.7707032636,958015.4863352592
44,Population,485,KwaZulu-Natal,3,Both,22,All ages,1,Number,2021,10876963.165354725,12883360.142420813,9151607.945099562
44,Population,44711,Stoke-on-Trent,3,Both,22,All ages,1,Number,2021,264599.7174122351,318560.6657253001,215595.68293105517
44,Population,4853,Himachal Pradesh,3,Both,22,All ages,1,Number,2021,7641056.323856313,9261945.76239715,6344833.655569123
44,Population,44774,Isle of Wight,3,Both,22,All ages,1,Number,2021,142472.77949715467,173188.10169918518,115729.4694226639
44,Population,178,Eritrea,3,Both,22,All ages,1,Number,2021,6597908.151901257,8754172.607673395,4577466.848928152
44,Population,4710,North Sumatra,3,Both,22,All ages,1,Number,2021,15220360.537933432,16790461.69512608,13645029.463807257
44,Population,48,Hungary,3,Both,22,All ages,1,Number,2021,9597310.37319277,10869060.779069297,8426135.618159285
44,Population,4711,West Sumatra,3,Both,22,All ages,1,Number,2021,5758277.98727235,6415584.340888636,5135393.287959078
44,Population,4852,Haryana,3,Both,22,All ages,1,Number,2021,29119759.18866357,34636473.58480834,24101908.93686086
44,Population,47,Czechia,3,Both,22,All ages,1,Number,2021,10632383.165547736,11611228.233291974,9668178.807343477
44,Population,4670,Tamaulipas,3,Both,22,All ages,1,Number,2021,3609951.878135927,3998515.4626309746,3247241.5223723142
44,Population,44567,Eastern Mediterranean Region,3,Both,22,All ages,1,Number,2021,753027808.9142228,784461010.8251529,722761459.0917591
44,Population,4709,Aceh,3,Both,22,All ages,1,Number,2021,5331253.015157311,5902325.8113754075,4733076.186286042
44,Population,4776,Tocantins,3,Both,22,All ages,1,Number,2021,1744868.4956736283,2089718.1076314508,1415844.8730743143
44,Population,38,Mongolia,3,Both,22,All ages,1,Number,2021,3336292.9094930924,3580148.274043013,3084522.069340751
44,Population,44698,Derbyshire,3,Both,22,All ages,1,Number,2021,809977.215520593,970244.6573845127,667087.0596598239
44,Population,181,Madagascar,3,Both,22,All ages,1,Number,2021,28557424.54192332,30955578.61034812,26054185.46210595
44,Population,115,Jamaica,3,Both,22,All ages,1,Number,2021,2799893.601834631,3165005.813267853,2448130.0848528096
44,Population,487,Mpumalanga,3,Both,22,All ages,1,Number,2021,4925008.918923148,5845742.058581029,4080428.749460767
44,Population,35506,Lazio,3,Both,22,All ages,1,Number,2021,5699368.346043768,6629050.284492851,4895491.472335193
44,Population,53615,Azad Jammu & Kashmir,3,Both,22,All ages,1,Number,2021,4115366.7703057844,5089184.183284735,3137006.9697809718
44,Population,540,Kentucky,3,Both,22,All ages,1,Number,2021,4503940.3387733,4968326.582737942,4040920.241852762
44,Population,35507,Abruzzo,3,Both,22,All ages,1,Number,2021,1301918.0716283245,1517116.8919913569,1104705.870153761
44,Population,484,Gauteng,3,Both,22,All ages,1,Number,2021,15044410.817048604,17461445.92325694,12643607.893214257
44,Population,35618,Bomet,3,Both,22,All ages,1,Number,2021,885852.3858955285,997767.8224997162,783388.6328200881
44,Population,118,Suriname,3,Both,22,All ages,1,Number,2021,579247.1178923211,654214.5184952833,509737.4901274248
44,Population,44590,Four World Regions,3,Both,22,All ages,1,Number,2021,7881416618.017616,8121275192.153436,7656615144.158388
44,Population,108,Belize,3,Both,22,All ages,1,Number,2021,429074.7047737778,488949.0569413209,368797.2120923202
44,Population,189,United Republic of Tanzania,3,Both,22,All ages,1,Number,2021,58447852.23101066,65494258.165229514,51503678.57622732
44,Population,543,Maryland,3,Both,22,All ages,1,Number,2021,6185722.46626825,6859923.9278772315,5544452.982749435
44,Population,482,Eastern Cape,3,Both,22,All ages,1,Number,2021,6542990.908247845,7724300.852291901,5398499.437521979
44,Population,183,Mauritius,3,Both,22,All ages,1,Number,2021,1271963.5623134053,1438764.7057809068,1101482.0850323618
44,Population,44568,Western Pacific Region,3,Both,22,All ages,1,Number,2021,1925284762.5409434,2036752443.367405,1817866607.6451836
44,Population,4859,Madhya Pradesh,3,Both,22,All ages,1,Number,2021,90171616.47563939,107717891.90774097,74180663.1276215
44,Population,95066,Italy Center,3,Both,22,All ages,1,Number,2021,11867992.036494073,13256363.628070392,10524775.927841771
44,Population,558,Ohio,3,Both,22,All ages,1,Number,2021,11796784.11035113,13026097.765173802,10549757.125851696
44,Population,53616,Balochistan,3,Both,22,All ages,1,Number,2021,14488925.183246778,16602442.881342089,12596358.213215915
44,Population,537,Indiana,3,Both,22,All ages,1,Number,2021,6799457.483114428,7564528.067817541,6104750.775729176
44,Population,35501,Friuli-Venezia Giulia,3,Both,22,All ages,1,Number,2021,1200223.279810272,1393137.447427251,1013237.60538917
44,Population,95471,Health System Grouping Levels,3,Both,22,All ages,1,Number,2021,7885117853.441314,8125056864.808918,7660454373.144041
44,Population,44772,East Sussex,3,Both,22,All ages,1,Number,2021,559654.5603818586,666872.6088671208,456341.0800817396
44,Population,44700,Nottingham,3,Both,22,All ages,1,Number,2021,341166.8369681753,410295.5496183281,280550.167010548
44,Population,44783,Poole,3,Both,22,All ages,1,Number,2021,158700.32171703537,190425.1718545424,129174.57101342351
44,Population,44715,Sandwell,3,Both,22,All ages,1,Number,2021,346734.8555967176,411787.17478010996,280281.8980434057
44,Population,489,Northern Cape,3,Both,22,All ages,1,Number,2021,1529506.8548459914,1816389.6868389288,1246880.5318222807
44,Population,4857,Kerala,3,Both,22,All ages,1,Number,2021,35136270.53887652,41962199.5695463,29112233.02675766
44,Population,44702,Warwickshire,3,Both,22,All ages,1,Number,2021,587348.0737963789,703150.2521787803,473637.06298082724
44,Population,44778,South Gloucestershire,3,Both,22,All ages,1,Number,2021,282265.2431551896,337214.75734266615,229512.65590594188
44,Population,182,Malawi,3,Both,22,All ages,1,Number,2021,19447840.52998116,21031427.42806946,17851482.730251998
44,Population,185,Rwanda,3,Both,22,All ages,1,Number,2021,13270032.608888976,14948517.759217901,11517054.614975113
44,Population,4714,South Sumatra,3,Both,22,All ages,1,Number,2021,8602951.715156395,9577052.226747097,7732527.45570887
44,Population,119,Trinidad and Tobago,3,Both,22,All ages,1,Number,2021,1393135.5421722005,1567952.3981257835,1206639.595776791
44,Population,52,Romania,3,Both,22,All ages,1,Number,2021,18938555.14908574,21513218.771333408,16520169.004624918
44,Population,35511,Basilicata,3,Both,22,All ages,1,Number,2021,552381.6689602301,642634.5216624207,460936.0170666487
44,Population,51,Poland,3,Both,22,All ages,1,Number,2021,38238455.52324434,41891096.906467065,34552416.87045418
44,Population,44637,Low SDI,3,Both,22,All ages,1,Number,2021,1117382590.506039,1166401098.7344022,1068353861.4356774
44,Population,4674,Zacatecas,3,Both,22,All ages,1,Number,2021,1660013.0992340923,1835861.2458693278,1487247.500535411
44,Population,44701,Leicester,3,Both,22,All ages,1,Number,2021,383782.8473846492,464042.8218186115,317588.60645260464
44,Population,4856,Karnataka,3,Both,22,All ages,1,Number,2021,70097939.86543135,84118613.27813315,57434529.556258805
44,Population,4715,Bengkulu,3,Both,22,All ages,1,Number,2021,2067578.558541518,2289804.9787992225,1848557.8671476352
44,Population,4713,Jambi,3,Both,22,All ages,1,Number,2021,3608919.7755755717,4001645.7502920013,3207389.7653753264
44,Population,41,Uzbekistan,3,Both,22,All ages,1,Number,2021,34232868.959930085,43631415.31731381,24498092.24624667
44,Population,42,Central Europe,3,Both,22,All ages,1,Number,2021,115263817.7986658,120347099.22887991,109996291.49376726
44,Population,193,Botswana,3,Both,22,All ages,1,Number,2021,2393256.1212177165,2709962.533993291,2078718.196616324
44,Population,35510,Puglia,3,Both,22,All ages,1,Number,2021,3998204.5061230925,4650816.936486011,3394679.3776701195
44,Population,544,Massachusetts,3,Both,22,All ages,1,Number,2021,7063622.26516588,7785333.768897558,6373908.559764143
44,Population,488,North-West,3,Both,22,All ages,1,Number,2021,3170710.478030899,3767583.4943485036,2603837.7829384306
44,Population,562,Rhode Island,3,Both,22,All ages,1,Number,2021,1100652.3706900515,1215600.2058663124,990779.4490427587
44,Population,122,Ecuador,3,Both,22,All ages,1,Number,2021,18065389.118202906,20500166.529334858,15504935.12188556
44,Population,35622,Embu,3,Both,22,All ages,1,Number,2021,628970.5327358979,715037.383707179,547693.6749016203
44,Population,44636,Low-middle SDI,3,Both,22,All ages,1,Number,2021,1921112323.9082985,2023272944.9264746,1821413930.1839108
44,Population,112,Grenada,3,Both,22,All ages,1,Number,2021,102626.50301757905,115645.10890103095,88891.13032509753
44,Population,35505,Marche,3,Both,22,All ages,1,Number,2021,1554625.2785678552,1802344.3953664813,1315362.6033866603
44,Population,547,Mississippi,3,Both,22,All ages,1,Number,2021,2943686.933004483,3262783.5523641584,2640148.8051702376
44,Population,53618,Islamabad Capital Territory,3,Both,22,All ages,1,Number,2021,2315205.981192372,2646351.302427637,2011387.951280829
44,Population,95067,Italy South,3,Both,22,All ages,1,Number,2021,13773200.573238693,15324662.525036149,12263734.121335939
44,Population,105,Antigua and Barbuda,3,Both,22,All ages,1,Number,2021,89395.66628916307,100375.51187937369,78378.70140220327
44,Population,44765,Bracknell Forest,3,Both,22,All ages,1,Number,2021,118526.07634400438,143594.57685386293,97183.39303014959
44,Population,187,Somalia,3,Both,22,All ages,1,Number,2021,21606520.73620373,27029565.947530568,15578671.90374346
44,Population,486,Limpopo,3,Both,22,All ages,1,Number,2021,5433323.572636599,6419094.649351431,4532049.841171103
44,Population,541,Louisiana,3,Both,22,All ages,1,Number,2021,4651776.146876144,5143144.454081532,4168121.172753841
44,Population,35428,Akita,3,Both,22,All ages,1,Number,2021,962943.5796813802,1067271.0794745816,862542.3704444469
44,Population,4862,Meghalaya,3,Both,22,All ages,1,Number,2021,3631167.978805672,4396656.418357141,2965320.24153794
44,Population,186,Seychelles,3,Both,22,All ages,1,Number,2021,105431.49585260973,120657.6035201321,91352.80095645947
44,Population,44704,Solihull,3,Both,22,All ages,1,Number,2021,217563.0629596733,260866.13433504442,179125.27682538968
44,Population,4712,Riau,3,Both,22,All ages,1,Number,2021,6445542.947508405,7158171.322279065,5740156.821245508
44,Population,44776,Southampton,3,Both,22,All ages,1,Number,2021,250960.99747428368,302577.32415212033,205943.420556567
44,Population,44586,G20,3,Both,22,All ages,1,Number,2021,4923844946.954871,5151509896.076317,4719121863.603002
44,Population,4717,Bangka-Belitung Islands,3,Both,22,All ages,1,Number,2021,1505407.7441009823,1664240.1953002813,1341830.3486466503
44,Population,46,Croatia,3,Both,22,All ages,1,Number,2021,4208639.425213091,4748096.071570261,3675819.9706130875
44,Population,35431,Ibaraki,3,Both,22,All ages,1,Number,2021,2897607.875322043,3195250.663891305,2608952.331395283
44,Population,44782,Devon,3,Both,22,All ages,1,Number,2021,784897.398895414,940379.4939778277,640416.9378725827
44,Population,190,Uganda,3,Both,22,All ages,1,Number,2021,43315052.99841558,48316063.599537194,38655466.146429166
44,Population,4718,Riau Islands,3,Both,22,All ages,1,Number,2021,2281555.6473151953,2526286.2275092523,2036444.404122423
44,Population,4861,Manipur,3,Both,22,All ages,1,Number,2021,3672544.8528422466,4410983.800906294,2998399.709127753
44,Population,56,Eastern Europe,3,Both,22,All ages,1,Number,2021,206759213.26381952,227889926.99454546,184806357.8193852
44,Population,35617,Baringo,3,Both,22,All ages,1,Number,2021,687692.921628855,780997.7446760092,604572.6431145952
44,Population,4863,Mizoram,3,Both,22,All ages,1,Number,2021,1284466.86146977,1507231.3179728456,1066796.1393057597
44,Population,44719,Hertfordshire,3,Both,22,All ages,1,Number,2021,1219872.4942150807,1451286.5608090314,1012421.813486887
44,Population,44787,Swindon,3,Both,22,All ages,1,Number,2021,244793.99994443578,290229.36975119944,201981.8723323377
44,Population,44706,Worcestershire,3,Both,22,All ages,1,Number,2021,588817.443892439,702633.421731044,482817.17224920786
44,Population,126,Costa Rica,3,Both,22,All ages,1,Number,2021,4747895.741578532,5342815.170380456,4175001.503938851
44,Population,44642,Nordic Region,3,Both,22,All ages,1,Number,2021,27585780.655049406,28896797.256681293,26237084.74935646
44,Population,551,Nevada,3,Both,22,All ages,1,Number,2021,3139784.199724092,3467643.540644852,2819111.0238435687
44,Population,123,Peru,3,Both,22,All ages,1,Number,2021,36270781.47590941,39697138.873764776,32891404.413399234
44,Population,44643,Darlington,3,Both,22,All ages,1,Number,2021,114244.86067411047,136852.41120201943,92938.78677594452
44,Population,548,Missouri,3,Both,22,All ages,1,Number,2021,6150513.279644071,6843959.648257188,5529060.907348048
44,Population,4719,North Kalimantan,3,Both,22,All ages,1,Number,2021,725300.9293382145,799721.7861070541,648022.5411788507
44,Population,35514,Sardegna,3,Both,22,All ages,1,Number,2021,1607931.595068223,1878910.6819661132,1346885.002493224
44,Population,53617,Gilgit-Baltistan,3,Both,22,All ages,1,Number,2021,1872912.7083778784,2457908.090557392,1266328.2587248443
44,Population,197,Eswatini,3,Both,22,All ages,1,Number,2021,1155236.3341380958,1261624.7868055343,1029477.3721826526
44,Population,4844,Bihar,3,Both,22,All ages,1,Number,2021,125795890.27295728,148994385.30766752,104174205.84627452
44,Population,545,Michigan,3,Both,22,All ages,1,Number,2021,10077463.386730634,11113427.799621463,9097147.387162577
44,Population,116,Saint Lucia,3,Both,22,All ages,1,Number,2021,177512.39689646702,201559.50399807806,152108.33444736712
44,Population,35509,Campania,3,Both,22,All ages,1,Number,2021,5712118.415563285,6622666.407587543,4811024.508897768
44,Population,44708,Dudley,3,Both,22,All ages,1,Number,2021,328373.83893071656,396187.0168906067,268146.4162426797
44,Population,44780,Wiltshire,3,Both,22,All ages,1,Number,2021,513181.0645581498,612708.5926261719,418324.74462249357
44,Population,35433,Gunma,3,Both,22,All ages,1,Number,2021,1957990.5817524376,2174632.246863279,1753750.7089413116
44,Population,4867,Punjab,3,Both,22,All ages,1,Number,2021,31249078.152378332,37593504.691524774,25433670.6588587
44,Population,55,Slovenia,3,Both,22,All ages,1,Number,2021,2069651.4753263285,2250793.2766007916,1886194.5781478162
44,Population,490,Western Cape,3,Both,22,All ages,1,Number,2021,6590374.635761118,7817335.788390788,5383034.776462736
44,Population,191,Zambia,3,Both,22,All ages,1,Number,2021,19515270.819604464,22270714.44229856,16771952.745493816
44,Population,35626,Kajiado,3,Both,22,All ages,1,Number,2021,1281133.2040582236,1450347.7686536133,1120554.2685816162
44,Population,194,Lesotho,3,Both,22,All ages,1,Number,2021,1874384.8583076475,2067368.9117143168,1683990.6320829145
44,Population,44786,Somerset,3,Both,22,All ages,1,Number,2021,562622.3058766966,663487.1543014625,459947.93049692304
44,Population,192,Southern Sub-Saharan Africa,3,Both,22,All ages,1,Number,2021,80303812.39556965,88169123.39599098,72893240.33588383
44,Population,566,Texas,3,Both,22,All ages,1,Number,2021,29468120.17024083,32429536.940628853,26500993.394238394
44,Population,4722,Central Java,3,Both,22,All ages,1,Number,2021,38066859.011292286,42031673.36537598,34343763.56965597
44,Population,60,Lithuania,3,Both,22,All ages,1,Number,2021,2728300.437598287,3006130.360949129,2476071.665097556
44,Population,35430,Fukushima,3,Both,22,All ages,1,Number,2021,1846677.3970761418,2066605.1834124979,1651691.274854022
44,Population,4716,Lampung,3,Both,22,All ages,1,Number,2021,9294616.524798261,10266976.558683226,8275502.43364181
44,Population,4721,West Java,3,Both,22,All ages,1,Number,2021,49809543.39162844,54974775.60578011,44932733.80625366
44,Population,50,Montenegro,3,Both,22,All ages,1,Number,2021,618060.3127515384,701051.6457467177,540273.8064298389
44,Population,4865,Odisha,3,Both,22,All ages,1,Number,2021,47249145.033341564,56193338.160499446,38660336.18788319
44,Population,552,New Hampshire,3,Both,22,All ages,1,Number,2021,1379725.506534271,1529705.37977859,1245699.5013520608
44,Population,35621,Elgeyo-Marakwet,3,Both,22,All ages,1,Number,2021,481339.0389052898,541580.853178641,417859.3664584596
44,Population,35620,Busia,3,Both,22,All ages,1,Number,2021,961812.9599125523,1102074.8673687067,840234.6297474934
44,Population,44710,Telford and Wrekin,3,Both,22,All ages,1,Number,2021,174032.51077490387,207013.90024006556,140669.9225485525
44,Population,44769,Kent,3,Both,22,All ages,1,Number,2021,1616018.5523683936,1908458.109865281,1328270.851206072
44,Population,4868,Rajasthan,3,Both,22,All ages,1,Number,2021,82029670.12338024,98767039.51241031,68147297.113426
44,Population,44791,Cornwall,3,Both,22,All ages,1,Number,2021,569308.3732347323,676449.271250241,469725.6292793674
44,Population,109,Cuba,3,Both,22,All ages,1,Number,2021,11269529.250682566,12688113.605135694,9907104.667531425
44,Population,130,Mexico,3,Both,22,All ages,1,Number,2021,129275998.55331896,139133150.77246922,119311468.78921567
44,Population,44646,Newcastle upon Tyne,3,Both,22,All ages,1,Number,2021,292976.4237006814,353022.3981970515,238854.68546648513
44,Population,44647,North Tyneside,3,Both,22,All ages,1,Number,2021,214385.3161421635,256632.41329997708,174861.50648776675
44,Population,120,Andean Latin America,3,Both,22,All ages,1,Number,2021,66133298.765940554,70269763.88224283,61435963.87511591
44,Population,555,New York,3,Both,22,All ages,1,Number,2021,20202778.8398337,22279056.5440239,18123904.29748969
44,Population,44705,Shropshire,3,Both,22,All ages,1,Number,2021,328829.71250078955,395630.7611119167,269032.33566723065
44,Population,45,Bulgaria,3,Both,22,All ages,1,Number,2021,6786933.061145688,7429410.654673207,6074924.518411855
44,Population,201,Burkina Faso,3,Both,22,All ages,1,Number,2021,22761130.07422611,24635646.02681674,20947809.372540966
44,Population,44634,High-middle SDI,3,Both,22,All ages,1,Number,2021,1304031282.7341094,1359983272.451506,1251357342.441552
44,Population,549,Montana,3,Both,22,All ages,1,Number,2021,1093217.0053431792,1206046.721559263,984273.4992047696
44,Population,53619,Khyber Pakhtunkhwa,3,Both,22,All ages,1,Number,2021,39977117.86070067,45329813.29928527,35121644.0994613
44,Population,44723,Norfolk,3,Both,22,All ages,1,Number,2021,915924.2105320742,1089344.4132210384,749169.4711921352
44,Population,35513,Sicilia,3,Both,22,All ages,1,Number,2021,4972054.413894814,5755818.456810884,4226059.369640577
44,Population,53620,Punjab,3,Both,22,All ages,1,Number,2021,120162028.14557749,132817135.9016987,107576021.34714824
44,Population,4723,Yogyakarta,3,Both,22,All ages,1,Number,2021,3781297.281048203,4242906.379062845,3387632.33408881
44,Population,44712,Walsall,3,Both,22,All ages,1,Number,2021,293529.09890461044,350429.1596880155,241066.35493350067
44,Population,44784,Bath and North East Somerset,3,Both,22,All ages,1,Number,2021,180394.33126858107,214304.76582250628,147895.86929064192
44,Population,59,Latvia,3,Both,22,All ages,1,Number,2021,1870327.8878070735,2049369.467264938,1698115.6199053843
44,Population,54,Slovakia,3,Both,22,All ages,1,Number,2021,5429455.079845927,5959556.978209405,4895792.825000427
44,Population,4871,Telangana,3,Both,22,All ages,1,Number,2021,39337751.13204975,46559295.44821974,32667353.454479095
44,Population,195,Namibia,3,Both,22,All ages,1,Number,2021,2431170.480528513,2728224.934369784,2093282.8756424843
44,Population,198,Zimbabwe,3,Both,22,All ages,1,Number,2021,15595373.71946637,17465381.021415137,13802194.397044566
44,Population,44790,Bournemouth,3,Both,22,All ages,1,Number,2021,205404.4649325834,246410.58645006004,167191.10672154106
44,Population,4726,Bali,3,Both,22,All ages,1,Number,2021,4475653.228307395,4996392.08004696,3972381.7813854767
44,Population,570,Washington,3,Both,22,All ages,1,Number,2021,7803164.276925801,8644371.053009968,7027842.724376355
44,Population,196,South Africa,3,Both,22,All ages,1,Number,2021,56854390.8819113,64282749.48399309,49726885.604080014
44,Population,64,High-income,3,Both,22,All ages,1,Number,2021,1091666039.1836221,1120812155.1097689,1061851260.2572796
44,Population,127,El Salvador,3,Both,22,All ages,1,Number,2021,6450228.767776177,7375030.528939969,5430375.382740005
44,Population,35625,Isiolo,3,Both,22,All ages,1,Number,2021,296366.6992901117,337691.74889758334,256930.30501727204
44,Population,4720,Jakarta,3,Both,22,All ages,1,Number,2021,10738515.717822194,11824719.253754731,9619082.856744783
44,Population,4851,Gujarat,3,Both,22,All ages,1,Number,2021,70464590.64899895,83050618.29281788,58181593.634028584
44,Population,4725,Banten,3,Both,22,All ages,1,Number,2021,12148620.92845428,13412232.357576555,10818154.58365231
44,Population,113,Guyana,3,Both,22,All ages,1,Number,2021,764739.9359778903,859073.0145968365,669528.1895122365
44,Population,44714,Birmingham,3,Both,22,All ages,1,Number,2021,1197270.989612542,1423606.0863697997,987951.350376455
44,Population,556,North Carolina,3,Both,22,All ages,1,Number,2021,10491294.336777575,11580096.711116977,9445532.526291505
44,Population,4870,Tamil Nadu,3,Both,22,All ages,1,Number,2021,80204568.3514726,96358641.23765218,65044549.26620295
44,Population,35437,Kanagawa,3,Both,22,All ages,1,Number,2021,9376015.250690136,10357080.803582836,8415522.350646418
44,Population,35624,HomaBay,3,Both,22,All ages,1,Number,2021,1170101.5400113864,1329041.1151649067,1025678.8004843681
44,Population,205,Côte d'Ivoire,3,Both,22,All ages,1,Number,2021,27861875.5361122,31146596.903091963,24857066.44059437
44,Population,44852,Tigray,3,Both,22,All ages,1,Number,2021,6228789.436077665,7590597.301403686,4897754.321923587
44,Population,35630,Kilifi,3,Both,22,All ages,1,Number,2021,1575518.6865451676,1785248.827033755,1391212.129571585
44,Population,44638,North America,3,Both,22,All ages,1,Number,2021,370176171.5334188,393857992.9010813,346065304.8675408
44,Population,4872,Tripura,3,Both,22,All ages,1,Number,2021,4137894.7891478166,4902301.367512691,3408797.045566684
44,Population,44651,Middlesbrough,3,Both,22,All ages,1,Number,2021,139080.27977425826,169189.61959671503,112244.93540425115
44,Population,124,Central Latin America,3,Both,22,All ages,1,Number,2021,253001893.52644014,264759467.3766713,242163392.2506795
44,Population,35619,Bungoma,3,Both,22,All ages,1,Number,2021,1846752.5096389141,2101859.878076519,1620203.6451273914
44,Population,559,Oklahoma,3,Both,22,All ages,1,Number,2021,3973400.2416846794,4376821.51713278,3552262.0843447847
44,Population,134,Tropical Latin America,3,Both,22,All ages,1,Number,2021,227524880.62837055,258236382.48655406,196124006.2926766
44,Population,44650,Gateshead,3,Both,22,All ages,1,Number,2021,212800.53366145887,255165.8589549072,173336.3078976507
44,Population,44773,Portsmouth,3,Both,22,All ages,1,Number,2021,223859.73222027553,268389.64581602835,184135.8988428281
44,Population,44587,African Union,3,Both,22,All ages,1,Number,2021,1383292868.2118564,1433265595.7399821,1336602048.545061
44,Population,44727,Richmond upon Thames,3,Both,22,All ages,1,Number,2021,200461.77895743077,238273.84444408567,164686.583118679
44,Population,4618,North East England,3,Both,22,All ages,1,Number,2021,2678010.438550648,3065150.8192313425,2270976.845918281
44,Population,199,Western Sub-Saharan Africa,3,Both,22,All ages,1,Number,2021,489827997.5386692,517875772.442331,462150430.32758534
44,Population,4875,West Bengal,3,Both,22,All ages,1,Number,2021,100081970.810993,118501523.24653722,82667051.27039845
44,Population,553,New Jersey,3,Both,22,All ages,1,Number,2021,9317744.20743193,10309637.023900656,8403610.852549523
44,Population,63,Ukraine,3,Both,22,All ages,1,Number,2021,43077810.631947994,51395396.64240336,34632975.19925576
44,Population,4729,West Kalimantan,3,Both,22,All ages,1,Number,2021,5634649.704579623,6252605.931420725,5044591.64906562
44,Population,4724,East Java,3,Both,22,All ages,1,Number,2021,41988058.416365385,46178722.69860595,37781682.07875438
44,Population,4855,Jharkhand,3,Both,22,All ages,1,Number,2021,39071152.12433459,46483260.32102484,32720076.059538968
44,Population,44716,Bedford,3,Both,22,All ages,1,Number,2021,168447.94776645157,202651.70095679737,134511.49248849752
44,Population,44788,Torbay,3,Both,22,All ages,1,Number,2021,132304.97166453334,159368.9009566037,109152.56202023734
44,Population,202,Cameroon,3,Both,22,All ages,1,Number,2021,31779632.65386256,37155144.6670339,26654453.696512714
44,Population,200,Benin,3,Both,22,All ages,1,Number,2021,13499174.524550674,15141762.296495182,11844120.646655126
44,Population,4874,Uttarakhand,3,Both,22,All ages,1,Number,2021,12126125.86036546,14591745.09904062,9996531.060041053
44,Population,131,Nicaragua,3,Both,22,All ages,1,Number,2021,6668976.123793645,7774782.664987351,5591378.231968761
44,Population,49,North Macedonia,3,Both,22,All ages,1,Number,2021,2176435.003604734,2587977.966500055,1797240.18158394
44,Population,4730,Central Kalimantan,3,Both,22,All ages,1,Number,2021,2757291.5952559425,3040887.6798660397,2454711.473650905
44,Population,58,Estonia,3,Both,22,All ages,1,Number,2021,1310833.8831970918,1432717.5912105546,1188263.9740187947
44,Population,117,Saint Vincent and the Grenadines,3,Both,22,All ages,1,Number,2021,114075.2638159588,128987.83125556221,100055.52868028343
44,Population,35629,Kiambu,3,Both,22,All ages,1,Number,2021,2579797.3219865137,2918130.7726220028,2277339.213126679
44,Population,68,Republic of Korea,3,Both,22,All ages,1,Number,2021,51570479.88668778,55126697.01844601,47776721.32037961
44,Population,44709,Coventry,3,Both,22,All ages,1,Number,2021,336249.31102761935,402945.7474960508,271820.27903954947
44,Population,560,Oregon,3,Both,22,All ages,1,Number,2021,4269592.182921769,4728358.604079046,3833988.711351613
44,Population,35435,Chiba,3,Both,22,All ages,1,Number,2021,6383843.954769757,7063654.0224749455,5674568.409169617
44,Population,35441,Fukui,3,Both,22,All ages,1,Number,2021,775451.5159996541,863815.3257264207,695047.5180442277
44,Population,44644,Northumberland,3,Both,22,All ages,1,Number,2021,323743.94696497906,389458.1100029853,261607.07377723532
44,Population,35628,Kericho,3,Both,22,All ages,1,Number,2021,1035001.493392668,1173195.7402778596,913127.73483915
44,Population,44856,Somali,3,Both,22,All ages,1,Number,2021,6968242.658264173,8497185.936387502,5464901.464593896
44,Population,44654,Hartlepool,3,Both,22,All ages,1,Number,2021,94521.72317930016,113692.60492785255,77828.19221335575
44,Population,138,North Africa and Middle East,3,Both,22,All ages,1,Number,2021,623000063.9149245,646199540.9244655,599577886.5805889
44,Population,44718,Suffolk,3,Both,22,All ages,1,Number,2021,792021.9642435627,939604.5744132434,646551.731819376
44,Population,563,South Carolina,3,Both,22,All ages,1,Number,2021,5156427.351644177,5711282.88118898,4640047.555954775
44,Population,209,Guinea-Bissau,3,Both,22,All ages,1,Number,2021,2063911.2208920193,2338904.0720004747,1780340.5229450925
44,Population,4910,Oslo,3,Both,22,All ages,1,Number,2021,704129.9012040766,795952.0517482195,615056.2901497285
44,Population,4727,West Nusa Tenggara,3,Both,22,All ages,1,Number,2021,5404873.853111586,6020398.984894754,4816687.18374839
44,Population,44731,Bromley,3,Both,22,All ages,1,Number,2021,334613.24957568326,401924.70571600954,273923.6824302364
44,Population,44655,Cheshire East,3,Both,22,All ages,1,Number,2021,388919.5427689293,464355.4770889187,320075.0592483
44,Population,44777,Slough,3,Both,22,All ages,1,Number,2021,163677.21241151585,196470.10518053418,132709.1919230789
44,Population,557,North Dakota,3,Both,22,All ages,1,Number,2021,788058.0063325233,874461.5788598189,704527.4597502161
44,Population,206,Gambia,3,Both,22,All ages,1,Number,2021,2394154.539320475,2684612.899245529,2109351.543035955
44,Population,4622,West Midlands,3,Both,22,All ages,1,Number,2021,6015314.735975703,6895059.01318141,5141732.991866212
44,Population,204,Chad,3,Both,22,All ages,1,Number,2021,17749358.629791237,20274989.85304513,15191471.77320198
44,Population,35623,Garissa,3,Both,22,All ages,1,Number,2021,948737.6049804662,1073227.4752635185,833955.5773033336
44,Population,44720,Essex,3,Both,22,All ages,1,Number,2021,1487564.5124545058,1756201.7863891863,1229086.531547021
44,Population,4728,East Nusa Tenggara,3,Both,22,All ages,1,Number,2021,5445986.127802807,6063369.433802408,4845385.975076234
44,Population,128,Guatemala,3,Both,22,All ages,1,Number,2021,15767371.648009375,17143279.543324243,14359859.04674052
44,Population,44792,Plymouth,3,Both,22,All ages,1,Number,2021,275729.567724647,332564.28717871464,223646.45081213358
44,Population,53,Serbia,3,Both,22,All ages,1,Number,2021,8919508.964871261,10032942.199201856,7752148.3179723825
44,Population,67,Japan,3,Both,22,All ages,1,Number,2021,127697459.9998416,137074973.1482044,117991632.34491302
44,Population,44635,High SDI,3,Both,22,All ages,1,Number,2021,1094047735.614321,1125004948.3737607,1063559815.9505002
44,Population,4733,North Sulawesi,3,Both,22,All ages,1,Number,2021,2734554.580045663,3023752.009366538,2429414.7361595337
44,Population,44713,Wolverhampton,3,Both,22,All ages,1,Number,2021,270097.0279238357,325373.9765411515,218535.34195708638
44,Population,35432,Tochigi,3,Both,22,All ages,1,Number,2021,1952211.9959680033,2164450.744449268,1751485.9250002273
44,Population,4734,Central Sulawesi,3,Both,22,All ages,1,Number,2021,3048761.0214684713,3413993.321030141,2719429.063384632
44,Population,203,Cabo Verde,3,Both,22,All ages,1,Number,2021,559262.0213681902,634089.6173432812,487318.5823271375
44,Population,44855,Oromia,3,Both,22,All ages,1,Number,2021,41673335.06257472,49693777.0922809,34163591.82824377
44,Population,4926,Nordland,3,Both,22,All ages,1,Number,2021,244524.7451664687,277646.92583353975,213493.01040891488
44,Population,564,South Dakota,3,Both,22,All ages,1,Number,2021,891077.8479974099,980506.507468059,798814.1189561556
44,Population,44648,Redcar and Cleveland,3,Both,22,All ages,1,Number,2021,133919.4680861554,161661.2931182831,107590.69474129281
44,Population,35634,Kitui,3,Both,22,All ages,1,Number,2021,1201947.8943168719,1362099.965176977,1053149.7198918897
44,Population,35445,Shizuoka,3,Both,22,All ages,1,Number,2021,3673299.001987073,4083367.772003563,3274894.886352668
44,Population,4860,Maharashtra,3,Both,22,All ages,1,Number,2021,124979144.27775785,147547336.72794518,103524313.52750033
44,Population,72,New Zealand,3,Both,22,All ages,1,Number,2021,5169513.535649297,5607441.930330718,4717436.037224741
44,Population,4923,Møre og Romsdal,3,Both,22,All ages,1,Number,2021,270948.8052825274,307208.1523280227,236298.08214582404
44,Population,44860,Gambella,3,Both,22,All ages,1,Number,2021,522785.1571189506,638242.6442460597,414324.0945992618
44,Population,35632,Kisii,3,Both,22,All ages,1,Number,2021,1273127.7214716626,1449255.4158230224,1116278.9175864318
44,Population,121,Bolivia (Plurinational State of),3,Both,22,All ages,1,Number,2021,11797128.171828238,13298028.337207498,10327145.39223942
44,Population,4940,Sweden except Stockholm,3,Both,22,All ages,1,Number,2021,8007357.08557828,8845844.813845886,7201645.329588994
44,Population,35633,Kisumu,3,Both,22,All ages,1,Number,2021,1214555.9587734533,1381192.3235307278,1066884.426947212
44,Population,62,Russian Federation,3,Both,22,All ages,1,Number,2021,144853838.7501741,163580565.15592572,124993275.5559754
44,Population,44659,Sefton,3,Both,22,All ages,1,Number,2021,270491.6734411198,323678.5710022029,221153.368843944
44,Population,44781,North Somerset,3,Both,22,All ages,1,Number,2021,217901.19279455146,260082.779920446,177210.347607092
44,Population,44658,Cheshire West and Chester,3,Both,22,All ages,1,Number,2021,336664.4292499108,406212.79022075434,274330.89083551633
44,Population,44722,Thurrock,3,Both,22,All ages,1,Number,2021,177080.92652697282,213339.58225563183,144654.88399971617
44,Population,44735,Brent,3,Both,22,All ages,1,Number,2021,357151.355378486,423403.36038220883,291606.78797053586
44,Population,4626,South West England,3,Both,22,All ages,1,Number,2021,5662971.044024266,6458861.533660355,4871026.848816284
44,Population,135,Brazil,3,Both,22,All ages,1,Number,2021,220356039.81239462,250951727.29447562,188144907.54485232
44,Population,71,Australia,3,Both,22,All ages,1,Number,2021,25791946.413043674,27547911.797256637,24001015.462653127
44,Population,44639,Middle SDI,3,Both,22,All ages,1,Number,2021,2448543920.678546,2542109614.7260003,2353584070.3334107
44,Population,35434,Saitama,3,Both,22,All ages,1,Number,2021,7454818.716765801,8250008.787614163,6719960.582214828
44,Population,132,Panama,3,Both,22,All ages,1,Number,2021,4292001.10539647,4867069.292477211,3695473.4304419765
44,Population,4732,East Kalimantan,3,Both,22,All ages,1,Number,2021,3859230.848466767,4289936.026087475,3432117.830083729
44,Population,567,Utah,3,Both,22,All ages,1,Number,2021,3328169.6285844506,3661648.671644627,2976165.76936125
44,Population,210,Liberia,3,Both,22,All ages,1,Number,2021,5459481.26411223,6313008.008942367,4606604.695408734
44,Population,561,Pennsylvania,3,Both,22,All ages,1,Number,2021,12976162.77643025,14318158.186676702,11679063.920611968
44,Population,208,Guinea,3,Both,22,All ages,1,Number,2021,13429750.833634403,14955042.505403062,11962021.094661621
44,Population,53621,Sindh,3,Both,22,All ages,1,Number,2021,52622051.61872593,59306325.077964984,46003951.4530213
44,Population,57,Belarus,3,Both,22,All ages,1,Number,2021,9324657.46768948,10621558.949765274,8020721.155037568
44,Population,44859,Harari,3,Both,22,All ages,1,Number,2021,266664.0349932416,331852.5229272915,206507.89940461022
44,Population,35627,Kakamega,3,Both,22,All ages,1,Number,2021,1930584.8598836614,2167600.166407835,1709477.4269391312
44,Population,44853,Afar,3,Both,22,All ages,1,Number,2021,1784212.601198506,2202534.902237907,1413070.0827929948
44,Population,44724,Southend-on-Sea,3,Both,22,All ages,1,Number,2021,192604.90839614003,231605.39431115656,156300.0086083007
44,Population,35637,Lamu,3,Both,22,All ages,1,Number,2021,151519.26124906068,174302.42557355674,130546.48469828824
44,Population,66,Brunei Darussalam,3,Both,22,All ages,1,Number,2021,451135.751327325,509670.0339010918,393807.0971892489
44,Population,4738,West Sulawesi,3,Both,22,All ages,1,Number,2021,1459856.138610456,1632699.4321747462,1303301.154099683
44,Population,207,Ghana,3,Both,22,All ages,1,Number,2021,34245939.473339796,38853934.173341826,29711006.032713152
44,Population,35449,Kyōto,3,Both,22,All ages,1,Number,2021,2606655.999875336,2908581.549082915,2329931.240038464
44,Population,44652,South Tyneside,3,Both,22,All ages,1,Number,2021,147947.51546812107,178350.3109115135,118894.59333217403
44,Population,4737,Gorontalo,3,Both,22,All ages,1,Number,2021,1210094.6180870826,1334741.691814698,1085413.262027155
44,Population,125,Colombia,3,Both,22,All ages,1,Number,2021,49060425.68632399,53498002.264875434,44536606.35098575
44,Population,568,Vermont,3,Both,22,All ages,1,Number,2021,641768.5112936621,713795.1047137339,575253.6178977642
44,Population,44717,Central Bedfordshire,3,Both,22,All ages,1,Number,2021,282002.96226502035,340602.57479734306,228554.27904782782
44,Population,44865,Ardebil,3,Both,22,All ages,1,Number,2021,1301501.2326335432,1482641.8539302687,1127174.146759379
44,Population,4731,South Kalimantan,3,Both,22,All ages,1,Number,2021,4113199.315328742,4573443.70670901,3650153.7058494533
44,Population,4864,Nagaland,3,Both,22,All ages,1,Number,2021,1866807.9330433744,2218603.690045986,1535008.2418176383
44,Population,35436,Tōkyō,3,Both,22,All ages,1,Number,2021,14302809.541746119,15775993.757968163,12847312.454025483
44,Population,44663,Wirral,3,Both,22,All ages,1,Number,2021,331713.4686306733,395642.53506421077,272435.9038968825
44,Population,44726,Luton,3,Both,22,All ages,1,Number,2021,225466.83427056158,277025.44109384826,185171.52679277275
44,Population,4736,Southeast Sulawesi,3,Both,22,All ages,1,Number,2021,2672724.6338570444,2956194.324873342,2369845.0821055006
44,Population,44785,Gloucestershire,3,Both,22,All ages,1,Number,2021,634687.1540711059,756276.2966488894,523207.25077843113
44,Population,35636,Laikipia,3,Both,22,All ages,1,Number,2021,538260.8561642721,609849.633844138,471295.42381553527
44,Population,44662,Bolton,3,Both,22,All ages,1,Number,2021,300060.5859792939,358065.01237038645,247857.37772487837
44,Population,44739,Sutton,3,Both,22,All ages,1,Number,2021,204928.59966097664,243003.02495356766,168491.16326165825
44,Population,35631,Kirinyaga,3,Both,22,All ages,1,Number,2021,620022.4579946805,712868.2094447935,539483.0202401719
44,Population,44864,Alborz,3,Both,22,All ages,1,Number,2021,2980724.4391910993,3426242.2126985462,2534490.2453948846
44,Population,136,Paraguay,3,Both,22,All ages,1,Number,2021,7168840.81597591,8461246.842206737,5861334.229514281
44,Population,571,West Virginia,3,Both,22,All ages,1,Number,2021,1777610.436900445,1973123.3107448625,1593908.5142165762
44,Population,35638,Machakos,3,Both,22,All ages,1,Number,2021,1510856.3368026162,1712041.6009011166,1325563.8444799366
44,Population,211,Mali,3,Both,22,All ages,1,Number,2021,24104148.76517388,27474125.781874143,20612795.036742404
44,Population,44857,Benishangul-Gumuz,3,Both,22,All ages,1,Number,2021,1147996.3553218525,1410821.8199017486,906353.1005192746
44,Population,44656,Stockport,3,Both,22,All ages,1,Number,2021,290407.43980623374,345675.4850154897,240089.64741877496
44,Population,4869,Sikkim,3,Both,22,All ages,1,Number,2021,686661.8939710754,822326.5644502061,562824.4015252347
44,Population,139,Algeria,3,Both,22,All ages,1,Number,2021,44197950.69413077,50960850.021555044,37361433.257975526
44,Population,61,Republic of Moldova,3,Both,22,All ages,1,Number,2021,3593444.2054054877,4191588.1128126346,2972774.5249712276
44,Population,4741,West Papua,3,Both,22,All ages,1,Number,2021,1190727.496445946,1321395.785710301,1066444.2952789923
44,Population,44728,Kensington and Chelsea,3,Both,22,All ages,1,Number,2021,153463.07290877687,182170.47948082362,125860.72707078168
44,Population,44645,Stockton-on-Tees,3,Both,22,All ages,1,Number,2021,199647.49930780806,239259.52585268338,163744.88055629467
44,Population,35440,Ishikawa,3,Both,22,All ages,1,Number,2021,1145151.9724612094,1269467.6888851346,1024402.3582786307
44,Population,35641,Marsabit,3,Both,22,All ages,1,Number,2021,499904.53132706875,568881.5104775093,438210.09459842334
44,Population,70,Australasia,3,Both,22,All ages,1,Number,2021,30961459.948692974,32748206.93786036,29168598.87323848
44,Population,4742,Papua,3,Both,22,All ages,1,Number,2021,4857923.897612631,5406612.0505978055,4314395.245382592
44,Population,35438,Niigata,3,Both,22,All ages,1,Number,2021,2212807.371423389,2452924.701633665,1967719.7570656305
44,Population,565,Tennessee,3,Both,22,All ages,1,Number,2021,6948923.196765064,7695259.391866676,6247094.91065807
44,Population,35453,Wakayama,3,Both,22,All ages,1,Number,2021,926701.7963606806,1034234.7292858606,827166.160068485
44,Population,4740,North Maluku,3,Both,22,All ages,1,Number,2021,1321212.6306845117,1469929.082887541,1176680.4131187769
44,Population,44869,Chahar Mahaal and Bakhtiari,3,Both,22,All ages,1,Number,2021,1023950.5867098183,1180042.0042246163,878432.8342594329
44,Population,572,Wisconsin,3,Both,22,All ages,1,Number,2021,5895321.499642171,6523300.00610748,5274058.185081445
44,Population,129,Honduras,3,Both,22,All ages,1,Number,2021,10110155.809351342,11286342.373736745,8912380.645508867
44,Population,44721,Cambridgeshire,3,Both,22,All ages,1,Number,2021,689864.6811731802,824640.6384340972,567222.5909075079
44,Population,44667,Oldham,3,Both,22,All ages,1,Number,2021,238944.27315200111,285783.71508477157,195002.0374055162
44,Population,44730,Westminster,3,Both,22,All ages,1,Number,2021,232989.87909950444,276600.72225071746,191992.05103553733
44,Population,44666,Warrington,3,Both,22,All ages,1,Number,2021,214401.88528590408,259684.49254768706,177668.76714702768
44,Population,44743,Hammersmith and Fulham,3,Both,22,All ages,1,Number,2021,192090.68769265673,229308.53307624513,156976.68348836954
44,Population,44868,Bushehr,3,Both,22,All ages,1,Number,2021,1276288.771294415,1457863.1313933886,1111411.3549773998
44,Population,4735,South Sulawesi,3,Both,22,All ages,1,Number,2021,9414167.90448205,10492780.032072604,8384375.702666843
44,Population,4619,North West England,3,Both,22,All ages,1,Number,2021,7449814.683749047,8532052.446972689,6437124.582911815
44,Population,44789,"Bristol, City of",3,Both,22,All ages,1,Number,2021,473038.5434952807,562381.9121074581,385732.08830466657
44,Population,35640,Mandera,3,Both,22,All ages,1,Number,2021,872306.2680792089,995223.7166044367,760189.9252796127
44,Population,44660,Lancashire,3,Both,22,All ages,1,Number,2021,1208513.2140344847,1436637.7387654393,1007699.9369838145
44,Population,35635,Kwale,3,Both,22,All ages,1,Number,2021,930383.6228020367,1067054.933839132,812130.6551120532
44,Population,140,Bahrain,3,Both,22,All ages,1,Number,2021,1529596.6255871265,1647048.0799198893,1421377.2969489815
44,Population,44732,Bexley,3,Both,22,All ages,1,Number,2021,253414.2481186463,305663.3822978545,209202.20304077902
44,Population,44861,Addis Ababa,3,Both,22,All ages,1,Number,2021,3434674.6686206474,4245007.555175233,2702683.051221523
44,Population,569,Virginia,3,Both,22,All ages,1,Number,2021,8655256.66154277,9637157.880521676,7782180.188064875
44,Population,35457,Hiroshima,3,Both,22,All ages,1,Number,2021,2829455.4415593124,3133352.3554495904,2533770.6196382553
44,Population,4873,Uttar Pradesh,3,Both,22,All ages,1,Number,2021,250502544.81955108,292360459.51751536,208741709.17292663
44,Population,35439,Toyama,3,Both,22,All ages,1,Number,2021,1044606.4524629221,1157497.6679273508,932769.2151557554
44,Population,65,High-income Asia Pacific,3,Both,22,All ages,1,Number,2021,185446361.35269645,196124966.18815976,175178187.53424358
44,Population,44873,Hamadan,3,Both,22,All ages,1,Number,2021,1740212.8569402886,1990722.99382948,1493127.0442634106
44,Population,60132,Vestland,3,Both,22,All ages,1,Number,2021,647420.199046972,730944.0300931827,567698.7787880166
44,Population,35642,Meru,3,Both,22,All ages,1,Number,2021,1567404.8506598645,1766554.7238393568,1375008.753199667
44,Population,44671,Liverpool,3,Both,22,All ages,1,Number,2021,496987.793619071,591832.1253288711,405636.1618223041
44,Population,35444,Gifu,3,Both,22,All ages,1,Number,2021,1997588.054446261,2221966.868678098,1787908.357804929
44,Population,35645,Murang'a,3,Both,22,All ages,1,Number,2021,1048513.7344157238,1197873.7979792336,912757.1835950355
44,Population,35442,Yamanashi,3,Both,22,All ages,1,Number,2021,817372.8654761292,905996.8316631,735378.3663384283
44,Population,44872,Golestan,3,Both,22,All ages,1,Number,2021,1981138.1820949095,2276081.896504447,1708154.0798071183
44,Population,4749,England,3,Both,22,All ages,1,Number,2021,57250351.559745446,60933747.7890909,53397428.11490301
44,Population,4620,Yorkshire and the Humber,3,Both,22,All ages,1,Number,2021,5646976.430563217,6442035.324505733,4881935.836933935
44,Population,44725,Peterborough,3,Both,22,All ages,1,Number,2021,218890.0073233694,262651.5985030109,178982.07654924644
44,Population,44649,County Durham,3,Both,22,All ages,1,Number,2021,533295.773789587,636308.4832832976,436091.2603655834
44,Population,44734,Merton,3,Both,22,All ages,1,Number,2021,211460.9750161936,249915.9728532159,173427.98869008987
44,Population,44670,Halton,3,Both,22,All ages,1,Number,2021,134672.33829935297,161593.2694136509,109380.06071854268
44,Population,44747,Waltham Forest,3,Both,22,All ages,1,Number,2021,308192.82782936364,365057.7242458498,254187.7933695725
44,Population,44664,Bury,3,Both,22,All ages,1,Number,2021,194281.2259976041,234509.16706138843,158194.06723503
44,Population,133,Venezuela (Bolivarian Republic of),3,Both,22,All ages,1,Number,2021,26628840.09089164,30072907.258645076,22960496.63024296
44,Population,35644,Mombasa,3,Both,22,All ages,1,Number,2021,1234167.184237659,1389448.1124908996,1080200.7674908566
44,Population,4623,East of England,3,Both,22,All ages,1,Number,2021,6369741.449166919,7264497.816766755,5478421.699035414
44,Population,4745,League of Arab States,3,Both,22,All ages,1,Number,2021,450234685.2505012,470060779.0626312,429034928.90738946
44,Population,4920,Rogaland,3,Both,22,All ages,1,Number,2021,485794.93445090286,550070.0788042468,427300.3069936651
44,Population,35639,Makueni,3,Both,22,All ages,1,Number,2021,1010563.2179891585,1146648.5813813058,878881.3035193074
44,Population,44736,Hillingdon,3,Both,22,All ages,1,Number,2021,314657.6029881078,372792.4676955117,260175.74540342187
44,Population,60134,Vestfold og Telemark,3,Both,22,All ages,1,Number,2021,427090.7376700523,484576.6968562605,372490.54446411505
44,Population,35446,Aichi,3,Both,22,All ages,1,Number,2021,7643014.134381465,8416068.573877038,6853939.870777129
44,Population,35649,Narok,3,Both,22,All ages,1,Number,2021,1230097.0886666195,1393943.734576856,1088865.0151503321
44,Population,573,Wyoming,3,Both,22,All ages,1,Number,2021,575832.2816334734,641200.985298496,512823.29548941774
44,Population,35461,Ehime,3,Both,22,All ages,1,Number,2021,1347096.5984973367,1496253.6853556945,1215040.9555084337
44,Population,44876,Isfahan,3,Both,22,All ages,1,Number,2021,5392635.668243877,6177593.843574155,4679134.809081523
44,Population,69,Singapore,3,Both,22,All ages,1,Number,2021,5727285.71483976,6195767.877559208,5261603.787675657
44,Population,44675,Knowsley,3,Both,22,All ages,1,Number,2021,146593.50222992455,174076.1495193581,118326.36471797986
44,Population,44653,Sunderland,3,Both,22,All ages,1,Number,2021,271447.09780202457,325809.8854795242,223668.48568557692
44,Population,44877,Kerman,3,Both,22,All ages,1,Number,2021,3423425.7242868403,3901287.9601406096,2991094.908671968
44,Population,44738,Kingston upon Thames,3,Both,22,All ages,1,Number,2021,172608.14822970476,205004.0733835869,141535.29247624063
44,Population,35448,Shiga,3,Both,22,All ages,1,Number,2021,1431987.856742757,1591814.1667508464,1288475.789968013
44,Population,4739,Maluku,3,Both,22,All ages,1,Number,2021,1938614.4687808088,2142187.0640012324,1719968.400804505
44,Population,35443,Nagano,3,Both,22,All ages,1,Number,2021,2069520.2350336458,2291685.0416426496,1850002.7743237584
44,Population,137,North Africa and Middle East,3,Both,22,All ages,1,Number,2021,623000063.9149245,646199540.9244655,599577886.5805889
44,Population,4624,Greater London,3,Both,22,All ages,1,Number,2021,9205252.632941542,10427715.264581488,7987053.043586897
44,Population,44729,Barnet,3,Both,22,All ages,1,Number,2021,401467.1817128794,479061.55838973855,332133.6023083525
44,Population,44668,Rochdale,3,Both,22,All ages,1,Number,2021,223189.87833716773,269007.80967063375,180572.75832972262
44,Population,4636,Wales,3,Both,22,All ages,1,Number,2021,3152120.0612816964,3366019.1834065723,2941693.2622192386
44,Population,4944,Stockholm,3,Both,22,All ages,1,Number,2021,2366156.1378425746,2703753.649134718,2040059.7465097017
44,Population,44674,Blackburn with Darwen,3,Both,22,All ages,1,Number,2021,159269.66087421533,193557.16596644875,131427.3995600041
44,Population,44751,Hounslow,3,Both,22,All ages,1,Number,2021,299204.44501296815,352581.24628060777,248718.3696521563
44,Population,44866,East Azarbayejan,3,Both,22,All ages,1,Number,2021,4128687.236029018,4702246.951363658,3564320.920148977
44,Population,44854,Amhara,3,Both,22,All ages,1,Number,2021,22863267.758343346,27905604.754071716,18512917.925926074
44,Population,35648,Nandi,3,Both,22,All ages,1,Number,2021,951848.42346016,1071155.8974902541,841606.1231085374
44,Population,44880,Khorasan-e-Razavi,3,Both,22,All ages,1,Number,2021,6888157.673069958,7885977.720359176,6018313.369872607
44,Population,35643,Migori,3,Both,22,All ages,1,Number,2021,1200410.1332722397,1358756.5453106351,1055132.8933536012
44,Population,60133,Agder,3,Both,22,All ages,1,Number,2021,308507.3403431018,350349.5715586788,270184.2331464475
44,Population,44679,East Riding of Yorkshire,3,Both,22,All ages,1,Number,2021,350818.01238500106,422638.99234842486,285262.45757713163
44,Population,35646,Nairobi,3,Both,22,All ages,1,Number,2021,4561019.276557826,5047410.286375159,4059327.2486938518
44,Population,44740,Harrow,3,Both,22,All ages,1,Number,2021,281341.3815879844,333965.29128241964,228995.4417444282
44,Population,35452,Nara,3,Both,22,All ages,1,Number,2021,1336559.367138353,1482671.1064122666,1197498.564214634
44,Population,35450,Ōsaka,3,Both,22,All ages,1,Number,2021,8955649.058143035,9925856.03967541,8033580.802839821
44,Population,35653,Samburu,3,Both,22,All ages,1,Number,2021,337172.82059274125,383684.2087248485,296734.4733361418
44,Population,4621,East Midlands,3,Both,22,All ages,1,Number,2021,4902858.457744601,5615408.601439144,4208047.682304298
44,Population,44672,Tameside,3,Both,22,All ages,1,Number,2021,234555.58911077597,284402.5234302385,191935.08106859718
44,Population,44657,Trafford,3,Both,22,All ages,1,Number,2021,249212.91972928026,300138.1757250816,202092.9430663341
44,Population,44742,Croydon,3,Both,22,All ages,1,Number,2021,405319.3946720948,475309.61772497883,332822.4097928857
44,Population,44678,North Yorkshire,3,Both,22,All ages,1,Number,2021,627930.5000684449,744463.673646072,513808.4702687526
44,Population,35447,Mie,3,Both,22,All ages,1,Number,2021,1790107.867017123,1989919.9594186007,1596588.807706918
44,Population,44683,North Lincolnshire,3,Both,22,All ages,1,Number,2021,183393.867378073,220720.61690878836,149165.14755961054
44,Population,141,Egypt,3,Both,22,All ages,1,Number,2021,105627445.13524412,115666234.39477098,95744596.69038205
44,Population,44733,Redbridge,3,Both,22,All ages,1,Number,2021,334224.3484958262,398401.2294107688,275677.2610742964
44,Population,44870,Fars,3,Both,22,All ages,1,Number,2021,5104245.600264875,5833580.9246849725,4427659.88062902
44,Population,35652,Nyeri,3,Both,22,All ages,1,Number,2021,740195.1734418187,842232.579667235,643835.8792757718
44,Population,44858,"Southern Nations, Nationalities, and Peoples",3,Both,22,All ages,1,Number,2021,23543183.801956818,28497808.63637134,18916156.16314816
44,Population,35647,Nakuru,3,Both,22,All ages,1,Number,2021,2239613.0773740066,2517322.0188496695,1997744.877562893
44,Population,44744,Ealing,3,Both,22,All ages,1,Number,2021,373304.4513813015,444979.45056885376,309483.1910175112
44,Population,4625,South East England,3,Both,22,All ages,1,Number,2021,9319411.687029503,10701602.52355707,8037158.3347328445
44,Population,35657,TharakaNithi,3,Both,22,All ages,1,Number,2021,475889.0200502668,539898.7621727148,412190.6243001451
44,Population,44676,Blackpool,3,Both,22,All ages,1,Number,2021,145525.23283107954,175742.82201763758,118573.36988154746
44,Population,4743,European Union,3,Both,22,All ages,1,Number,2021,446525211.9583487,459437721.3972611,431413074.50436574
44,Population,35456,Okayama,3,Both,22,All ages,1,Number,2021,1908404.5414494618,2115882.7496367907,1718674.9195583684
44,Population,35454,Tottori,3,Both,22,All ages,1,Number,2021,557451.3437079873,623989.2418914167,498479.6285422628
44,Population,44874,Hormozgan,3,Both,22,All ages,1,Number,2021,1976016.889101536,2262365.3729087575,1682363.3934015285
44,Population,35451,Hyōgo,3,Both,22,All ages,1,Number,2021,5525404.956572287,6122346.018865251,4959925.93208925
44,Population,44737,Havering,3,Both,22,All ages,1,Number,2021,262573.35772349674,316307.97027701465,217600.3673781407
44,Population,35656,TanaRiver,3,Both,22,All ages,1,Number,2021,340063.12156180746,388998.04682010756,296311.90159899404
44,Population,44661,Cumbria,3,Both,22,All ages,1,Number,2021,511355.45497752813,609494.5126531016,420760.5228676211
44,Population,60136,Viken,3,Both,22,All ages,1,Number,2021,1228137.3203574102,1379809.0091575151,1091536.750009296
44,Population,44746,Wandsworth,3,Both,22,All ages,1,Number,2021,344486.8558117492,408385.2749475363,285307.9539006114
44,Population,44682,Calderdale,3,Both,22,All ages,1,Number,2021,219488.64963655698,266155.29405562824,179386.43104548342
44,Population,44862,Dire Dawa,3,Both,22,All ages,1,Number,2021,504848.0641927402,623208.7409708276,396090.7209878261
44,Population,35651,Nyandarua,3,Both,22,All ages,1,Number,2021,619635.6873821884,710087.9690123182,541226.3081581767
44,Population,35650,Nyamira,3,Both,22,All ages,1,Number,2021,617510.6934331394,703282.49859916,538486.6842801366
44,Population,44680,York,3,Both,22,All ages,1,Number,2021,209629.62021828926,248564.72028895453,172555.27555752627
44,Population,44534,Commonwealth,3,Both,22,All ages,1,Number,2021,2640347357.408413,2828391176.056158,2460493623.550688
44,Population,44748,Camden,3,Both,22,All ages,1,Number,2021,232975.02666890708,278275.451121951,190535.8399221616
44,Population,35458,Yamaguchi,3,Both,22,All ages,1,Number,2021,1349384.1904901506,1498561.2596338354,1200097.517101726
44,Population,44878,Kermanshah,3,Both,22,All ages,1,Number,2021,1998424.9046021947,2275278.714040038,1726294.0187852897
44,Population,44665,St Helens,3,Both,22,All ages,1,Number,2021,176313.97674225655,210802.08013569162,145279.49184053455
44,Population,44750,Lewisham,3,Both,22,All ages,1,Number,2021,305549.9286305703,363622.0923207652,251272.38470885367
44,Population,35460,Kagawa,3,Both,22,All ages,1,Number,2021,961557.3766992124,1067665.3496542259,853987.2026953363
44,Population,35655,TaitaTaveta,3,Both,22,All ages,1,Number,2021,352898.34261959215,403705.8346747599,305486.13201629085
44,Population,35455,Shimane,3,Both,22,All ages,1,Number,2021,679793.7505342922,756241.6020061525,604350.3184094328
44,Population,44741,Enfield,3,Both,22,All ages,1,Number,2021,359088.52985389804,428888.7780635885,296360.0837627282
44,Population,44535,Commonwealth High Income,3,Both,22,All ages,1,Number,2021,146591072.05496338,151693485.0286871,140952800.5745353
44,Population,44684,Bradford,3,Both,22,All ages,1,Number,2021,584439.8261245255,703466.4536439063,479898.96952091827
44,Population,44538,Other Union Territories,3,Both,22,All ages,1,Number,2021,3890217.27625525,4643458.238720864,3206908.9563532216
44,Population,44867,West Azarbayejan,3,Both,22,All ages,1,Number,2021,3512947.443598358,4041951.5793746356,3045213.0968007236
44,Population,44752,Southwark,3,Both,22,All ages,1,Number,2021,317185.03493609716,376754.352418656,261818.38145445226
44,Population,60135,Innlandet,3,Both,22,All ages,1,Number,2021,388380.30850918964,441194.07460912486,339275.2295420231
44,Population,35462,Kōchi,3,Both,22,All ages,1,Number,2021,695623.895207781,774911.4872077781,622928.2046685235
44,Population,35654,Siaya,3,Both,22,All ages,1,Number,2021,1056357.4046651127,1204370.949465303,917947.3614098678
44,Population,44745,Greenwich,3,Both,22,All ages,1,Number,2021,304425.7078212217,361257.87438920146,251599.24257435772
44,Population,44669,Wigan,3,Both,22,All ages,1,Number,2021,339031.56762461545,405958.3345915589,277705.87382377154
44,Population,35459,Tokushima,3,Both,22,All ages,1,Number,2021,723183.7851606918,800965.3096944769,648404.8560606403
44,Population,44536,Commonwealth Middle Income,3,Both,22,All ages,1,Number,2021,2104637078.207834,2288836935.0169106,1925307233.4852376
44,Population,44871,Gilan,3,Both,22,All ages,1,Number,2021,2613607.1713545485,2972628.7111653183,2262856.6737782354
44,Population,35463,Fukuoka,3,Both,22,All ages,1,Number,2021,5207831.699895835,5766518.173929292,4642125.605958762
44,Population,44749,Lambeth,3,Both,22,All ages,1,Number,2021,329418.1364732586,392810.44360122544,268012.66265154956
44,Population,44673,Salford,3,Both,22,All ages,1,Number,2021,263943.9079381321,313471.2137132225,216882.63086339174
44,Population,44875,Ilam,3,Both,22,All ages,1,Number,2021,611640.035956158,699010.0503059911,529099.373856648
44,Population,44677,Manchester,3,Both,22,All ages,1,Number,2021,594765.123089493,719109.2878671718,492492.83978302556
44,Population,44753,Newham,3,Both,22,All ages,1,Number,2021,375418.764208084,450664.76959656127,311103.87963167694
44,Population,44879,North Khorasan,3,Both,22,All ages,1,Number,2021,872550.1841936117,1002505.8134903576,752215.887406426
44,Population,44537,Commonwealth Low Income,3,Both,22,All ages,1,Number,2021,389119207.1456157,412374334.6317102,364768489.6363882
44,Population,44681,North East Lincolnshire,3,Both,22,All ages,1,Number,2021,165025.54701758546,197046.1278073893,135385.25984726223
